dateTime,level,seconds,dateOfSleep
2024-02-29T01:15:30.000,light,690,2024-02-29
2024-02-29T01:27:00.000,deep,1830,2024-02-29
2024-02-29T01:57:30.000,wake,330,2024-02-29
2024-02-29T02:03:00.000,light,3270,2024-02-29
2024-02-29T02:57:30.000,wake,330,2024-02-29
2024-02-29T03:03:00.000,light,750,2024-02-29
2024-02-29T03:15:30.000,rem,300,2024-02-29
2024-02-29T03:20:30.000,light,1320,2024-02-29
2024-02-29T03:42:30.000,rem,780,2024-02-29
2024-02-29T03:55:30.000,light,1830,2024-02-29
2024-02-29T04:26:00.000,wake,480,2024-02-29
2024-02-29T04:34:00.000,light,210,2024-02-29
2024-02-29T04:37:30.000,wake,480,2024-02-29
2024-02-29T04:45:30.000,light,330,2024-02-29
2024-02-29T04:51:00.000,wake,2220,2024-02-29
2024-02-29T05:28:00.000,light,1650,2024-02-29
2024-02-29T05:55:30.000,deep,450,2024-02-29
2024-02-29T06:03:00.000,light,330,2024-02-29
2024-02-29T06:08:30.000,rem,2370,2024-02-29
2024-02-29T06:48:00.000,light,1110,2024-02-29
2024-02-29T07:06:30.000,deep,900,2024-02-29
2024-02-27T23:24:00.000,wake,540,2024-02-28
2024-02-27T23:33:00.000,light,360,2024-02-28
2024-02-27T23:39:00.000,deep,1980,2024-02-28
2024-02-28T00:12:00.000,light,510,2024-02-28
2024-02-28T00:20:30.000,deep,1320,2024-02-28
2024-02-28T00:42:30.000,light,240,2024-02-28
2024-02-28T00:46:30.000,rem,1020,2024-02-28
2024-02-28T01:03:30.000,light,420,2024-02-28
2024-02-28T01:10:30.000,deep,480,2024-02-28
2024-02-28T01:18:30.000,light,1380,2024-02-28
2024-02-28T01:41:30.000,wake,360,2024-02-28
2024-02-28T01:47:30.000,light,360,2024-02-28
2024-02-28T01:53:30.000,deep,570,2024-02-28
2024-02-28T02:03:00.000,wake,300,2024-02-28
2024-02-28T02:08:00.000,light,330,2024-02-28
2024-02-28T02:13:30.000,rem,1860,2024-02-28
2024-02-28T02:44:30.000,light,2070,2024-02-28
2024-02-28T03:19:00.000,deep,1500,2024-02-28
2024-02-28T03:44:00.000,light,1080,2024-02-28
2024-02-28T04:02:00.000,rem,1200,2024-02-28
2024-02-28T04:22:00.000,light,1020,2024-02-28
2024-02-28T04:39:00.000,deep,1530,2024-02-28
2024-02-28T05:04:30.000,light,1380,2024-02-28
2024-02-28T05:27:30.000,rem,1350,2024-02-28
2024-02-28T05:50:00.000,wake,1080,2024-02-28
2024-02-28T06:08:00.000,light,120,2024-02-28
2024-02-28T06:10:00.000,wake,1320,2024-02-28
2024-02-28T06:32:00.000,light,2730,2024-02-28
2024-02-28T07:17:30.000,rem,3660,2024-02-28
2024-02-28T08:18:30.000,light,3330,2024-02-28
2024-02-28T09:14:00.000,rem,1020,2024-02-28
2024-02-28T09:31:00.000,light,420,2024-02-28
2024-02-28T09:38:00.000,rem,960,2024-02-28
2024-02-28T09:54:00.000,light,90,2024-02-28
2024-02-26T23:37:00.000,wake,360,2024-02-27
2024-02-26T23:43:00.000,light,660,2024-02-27
2024-02-26T23:54:00.000,deep,3450,2024-02-27
2024-02-27T00:51:30.000,rem,510,2024-02-27
2024-02-27T01:00:00.000,light,1410,2024-02-27
2024-02-27T01:23:30.000,deep,1620,2024-02-27
2024-02-27T01:50:30.000,light,1410,2024-02-27
2024-02-27T02:14:00.000,rem,1200,2024-02-27
2024-02-27T02:34:00.000,light,5280,2024-02-27
2024-02-27T04:02:00.000,rem,900,2024-02-27
2024-02-27T04:17:00.000,wake,720,2024-02-27
2024-02-27T04:29:00.000,light,2880,2024-02-27
2024-02-27T05:17:00.000,rem,3210,2024-02-27
2024-02-27T06:10:30.000,light,2850,2024-02-27
2024-02-27T06:58:00.000,wake,300,2024-02-27
2024-02-27T07:03:00.000,light,480,2024-02-27
2024-02-27T07:11:00.000,wake,300,2024-02-27
2024-02-27T07:16:00.000,light,60,2024-02-27
2024-02-27T07:17:00.000,rem,300,2024-02-27
2024-02-27T07:22:00.000,light,1530,2024-02-27
2024-02-27T07:47:30.000,wake,870,2024-02-27
2024-02-27T08:02:00.000,light,390,2024-02-27
2024-02-27T08:08:30.000,wake,1290,2024-02-27
2024-02-27T08:30:00.000,light,1470,2024-02-27
2024-02-27T08:54:30.000,deep,360,2024-02-27
2024-02-27T09:00:30.000,light,1830,2024-02-27
2024-02-27T09:31:00.000,rem,330,2024-02-27
2024-02-27T09:36:30.000,light,540,2024-02-27
2024-02-27T09:45:30.000,wake,420,2024-02-27
2024-02-26T00:25:00.000,light,450,2024-02-26
2024-02-26T00:32:30.000,deep,2430,2024-02-26
2024-02-26T01:13:00.000,light,330,2024-02-26
2024-02-26T01:18:30.000,rem,360,2024-02-26
2024-02-26T01:24:30.000,light,1800,2024-02-26
2024-02-26T01:54:30.000,wake,360,2024-02-26
2024-02-26T02:00:30.000,light,2970,2024-02-26
2024-02-26T02:50:00.000,wake,210,2024-02-26
2024-02-26T02:53:30.000,rem,420,2024-02-26
2024-02-26T03:00:30.000,light,3300,2024-02-26
2024-02-26T03:55:30.000,wake,330,2024-02-26
2024-02-26T04:01:00.000,rem,300,2024-02-26
2024-02-26T04:06:00.000,wake,420,2024-02-26
2024-02-26T04:13:00.000,light,2490,2024-02-26
2024-02-26T04:54:30.000,wake,450,2024-02-26
2024-02-26T05:02:00.000,light,270,2024-02-26
2024-02-26T05:06:30.000,rem,1290,2024-02-26
2024-02-26T05:28:00.000,light,2250,2024-02-26
2024-02-26T06:05:30.000,deep,390,2024-02-26
2024-02-26T06:12:00.000,rem,1830,2024-02-26
2024-02-26T06:42:30.000,wake,210,2024-02-26
2024-02-26T06:46:00.000,light,180,2024-02-26
2024-02-26T06:49:00.000,wake,540,2024-02-26
2024-02-26T06:58:00.000,light,270,2024-02-26
2024-02-26T07:02:30.000,wake,240,2024-02-26
2024-02-26T07:06:30.000,light,930,2024-02-26
2024-02-25T00:51:00.000,wake,270,2024-02-25
2024-02-25T00:55:30.000,light,810,2024-02-25
2024-02-25T01:09:00.000,deep,3990,2024-02-25
2024-02-25T02:15:30.000,light,60,2024-02-25
2024-02-25T02:16:30.000,rem,960,2024-02-25
2024-02-25T02:32:30.000,light,870,2024-02-25
2024-02-25T02:47:00.000,deep,1140,2024-02-25
2024-02-25T03:06:00.000,light,2670,2024-02-25
2024-02-25T03:50:30.000,rem,1890,2024-02-25
2024-02-25T04:22:00.000,light,2820,2024-02-25
2024-02-25T05:09:00.000,rem,1290,2024-02-25
2024-02-25T05:30:30.000,light,780,2024-02-25
2024-02-25T05:43:30.000,wake,1200,2024-02-25
2024-02-25T06:03:30.000,light,1350,2024-02-25
2024-02-25T06:26:00.000,deep,630,2024-02-25
2024-02-25T06:36:30.000,light,90,2024-02-25
2024-02-25T06:38:00.000,rem,930,2024-02-25
2024-02-25T06:53:30.000,light,420,2024-02-25
2024-02-25T07:00:30.000,rem,300,2024-02-25
2024-02-25T07:05:30.000,light,120,2024-02-25
2024-02-25T07:07:30.000,wake,900,2024-02-25
2024-02-25T07:22:30.000,light,1860,2024-02-25
2024-02-25T07:53:30.000,rem,270,2024-02-25
2024-02-25T07:58:00.000,light,360,2024-02-25
2024-02-25T08:04:00.000,rem,1350,2024-02-25
2024-02-25T08:26:30.000,light,60,2024-02-25
2024-02-25T08:27:30.000,wake,300,2024-02-25
2024-02-24T00:32:30.000,wake,360,2024-02-24
2024-02-24T00:38:30.000,light,270,2024-02-24
2024-02-24T00:43:00.000,deep,2160,2024-02-24
2024-02-24T01:19:00.000,light,420,2024-02-24
2024-02-24T01:26:00.000,rem,810,2024-02-24
2024-02-24T01:39:30.000,light,240,2024-02-24
2024-02-24T01:43:30.000,deep,270,2024-02-24
2024-02-24T01:48:00.000,light,210,2024-02-24
2024-02-24T01:51:30.000,deep,330,2024-02-24
2024-02-24T01:57:00.000,light,510,2024-02-24
2024-02-24T02:05:30.000,deep,1320,2024-02-24
2024-02-24T02:27:30.000,light,930,2024-02-24
2024-02-24T02:43:00.000,rem,1920,2024-02-24
2024-02-24T03:15:00.000,wake,240,2024-02-24
2024-02-24T03:19:00.000,light,330,2024-02-24
2024-02-24T03:24:30.000,deep,1260,2024-02-24
2024-02-24T03:45:30.000,light,1620,2024-02-24
2024-02-24T04:12:30.000,rem,2430,2024-02-24
2024-02-24T04:53:00.000,light,1500,2024-02-24
2024-02-24T05:18:00.000,deep,480,2024-02-24
2024-02-24T05:26:00.000,light,1440,2024-02-24
2024-02-24T05:50:00.000,wake,300,2024-02-24
2024-02-24T05:55:00.000,light,540,2024-02-24
2024-02-24T06:04:00.000,rem,420,2024-02-24
2024-02-24T06:11:00.000,light,990,2024-02-24
2024-02-24T06:27:30.000,wake,1110,2024-02-24
2024-02-22T23:38:30.000,light,420,2024-02-23
2024-02-22T23:45:30.000,deep,450,2024-02-23
2024-02-22T23:53:00.000,wake,360,2024-02-23
2024-02-22T23:59:00.000,light,390,2024-02-23
2024-02-23T00:05:30.000,deep,390,2024-02-23
2024-02-23T00:12:00.000,wake,360,2024-02-23
2024-02-23T00:18:00.000,light,30,2024-02-23
2024-02-23T00:18:30.000,deep,810,2024-02-23
2024-02-23T00:32:00.000,wake,450,2024-02-23
2024-02-23T00:39:30.000,light,510,2024-02-23
2024-02-23T00:48:00.000,rem,270,2024-02-23
2024-02-23T00:52:30.000,light,990,2024-02-23
2024-02-23T01:09:00.000,deep,1350,2024-02-23
2024-02-23T01:31:30.000,light,1080,2024-02-23
2024-02-23T01:49:30.000,wake,240,2024-02-23
2024-02-23T01:53:30.000,light,900,2024-02-23
2024-02-23T02:08:30.000,deep,270,2024-02-23
2024-02-23T02:13:00.000,light,330,2024-02-23
2024-02-23T02:18:30.000,deep,840,2024-02-23
2024-02-23T02:32:30.000,light,30,2024-02-23
2024-02-23T02:33:00.000,rem,630,2024-02-23
2024-02-23T02:43:30.000,wake,210,2024-02-23
2024-02-23T02:47:00.000,rem,1410,2024-02-23
2024-02-23T03:10:30.000,light,3630,2024-02-23
2024-02-23T04:11:00.000,rem,270,2024-02-23
2024-02-23T04:15:30.000,light,1620,2024-02-23
2024-02-23T04:42:30.000,rem,2310,2024-02-23
2024-02-23T05:21:00.000,light,900,2024-02-23
2024-02-23T05:36:00.000,rem,480,2024-02-23
2024-02-23T05:44:00.000,wake,300,2024-02-23
2024-02-23T05:49:00.000,light,1800,2024-02-23
2024-02-23T06:19:00.000,rem,300,2024-02-23
2024-02-23T06:24:00.000,light,630,2024-02-23
2024-02-23T06:34:30.000,rem,1290,2024-02-23
2024-02-23T06:56:00.000,light,90,2024-02-23
2024-02-22T00:05:00.000,wake,420,2024-02-22
2024-02-22T00:12:00.000,light,180,2024-02-22
2024-02-22T00:15:00.000,deep,1260,2024-02-22
2024-02-22T00:36:00.000,light,360,2024-02-22
2024-02-22T00:42:00.000,deep,1410,2024-02-22
2024-02-22T01:05:30.000,light,450,2024-02-22
2024-02-22T01:13:00.000,rem,3090,2024-02-22
2024-02-22T02:04:30.000,light,60,2024-02-22
2024-02-22T02:05:30.000,deep,1050,2024-02-22
2024-02-22T02:23:00.000,light,3540,2024-02-22
2024-02-22T03:22:00.000,rem,900,2024-02-22
2024-02-22T03:37:00.000,light,690,2024-02-22
2024-02-22T03:48:30.000,wake,780,2024-02-22
2024-02-22T04:01:30.000,light,1560,2024-02-22
2024-02-22T04:27:30.000,deep,540,2024-02-22
2024-02-22T04:36:30.000,wake,330,2024-02-22
2024-02-22T04:42:00.000,light,90,2024-02-22
2024-02-22T04:43:30.000,rem,390,2024-02-22
2024-02-22T04:50:00.000,light,120,2024-02-22
2024-02-22T04:52:00.000,wake,390,2024-02-22
2024-02-22T04:58:30.000,light,1620,2024-02-22
2024-02-22T05:25:30.000,wake,210,2024-02-22
2024-02-22T05:29:00.000,light,210,2024-02-22
2024-02-22T05:32:30.000,wake,240,2024-02-22
2024-02-22T05:36:30.000,light,1830,2024-02-22
2024-02-22T06:07:00.000,rem,870,2024-02-22
2024-02-22T06:21:30.000,light,510,2024-02-22
2024-02-22T06:30:00.000,wake,600,2024-02-22
2024-02-21T00:38:30.000,wake,690,2024-02-21
2024-02-21T00:50:00.000,light,1320,2024-02-21
2024-02-21T01:12:00.000,deep,840,2024-02-21
2024-02-21T01:26:00.000,light,900,2024-02-21
2024-02-21T01:41:00.000,wake,690,2024-02-21
2024-02-21T01:52:30.000,rem,1080,2024-02-21
2024-02-21T02:10:30.000,light,930,2024-02-21
2024-02-21T02:26:00.000,deep,2370,2024-02-21
2024-02-21T03:05:30.000,light,330,2024-02-21
2024-02-21T03:11:00.000,rem,480,2024-02-21
2024-02-21T03:19:00.000,light,1800,2024-02-21
2024-02-21T03:49:00.000,deep,1290,2024-02-21
2024-02-21T04:10:30.000,wake,480,2024-02-21
2024-02-21T04:18:30.000,light,660,2024-02-21
2024-02-21T04:29:30.000,rem,300,2024-02-21
2024-02-21T04:34:30.000,light,3960,2024-02-21
2024-02-21T05:40:30.000,wake,240,2024-02-21
2024-02-21T05:44:30.000,light,300,2024-02-21
2024-02-21T05:49:30.000,wake,240,2024-02-21
2024-02-21T05:53:30.000,light,870,2024-02-21
2024-02-21T06:08:00.000,rem,1830,2024-02-21
2024-02-21T06:38:30.000,light,90,2024-02-21
2024-02-21T06:40:00.000,wake,780,2024-02-21
2024-02-21T06:53:00.000,light,1050,2024-02-21
2024-02-21T07:10:30.000,deep,840,2024-02-21
2024-02-21T07:24:30.000,light,1650,2024-02-21
2024-02-21T07:52:00.000,rem,1080,2024-02-21
2024-02-21T08:10:00.000,wake,630,2024-02-21
2024-02-19T23:24:00.000,wake,450,2024-02-20
2024-02-19T23:31:30.000,light,480,2024-02-20
2024-02-19T23:39:30.000,deep,1350,2024-02-20
2024-02-20T00:02:00.000,wake,210,2024-02-20
2024-02-20T00:05:30.000,light,990,2024-02-20
2024-02-20T00:22:00.000,rem,1410,2024-02-20
2024-02-20T00:45:30.000,light,1350,2024-02-20
2024-02-20T01:08:00.000,deep,2430,2024-02-20
2024-02-20T01:48:30.000,light,30,2024-02-20
2024-02-20T01:49:00.000,wake,210,2024-02-20
2024-02-20T01:52:30.000,light,1410,2024-02-20
2024-02-20T02:16:00.000,deep,690,2024-02-20
2024-02-20T02:27:30.000,light,2760,2024-02-20
2024-02-20T03:13:30.000,rem,1830,2024-02-20
2024-02-20T03:44:00.000,wake,300,2024-02-20
2024-02-20T03:49:00.000,light,2220,2024-02-20
2024-02-20T04:26:00.000,wake,240,2024-02-20
2024-02-20T04:30:00.000,rem,1620,2024-02-20
2024-02-20T04:57:00.000,light,1350,2024-02-20
2024-02-20T05:19:30.000,wake,390,2024-02-20
2024-02-20T05:26:00.000,light,1530,2024-02-20
2024-02-20T05:51:30.000,wake,960,2024-02-20
2024-02-20T06:07:30.000,light,90,2024-02-20
2024-02-20T06:09:00.000,rem,930,2024-02-20
2024-02-20T06:24:30.000,light,630,2024-02-20
2024-02-20T06:35:00.000,rem,300,2024-02-20
2024-02-20T06:40:00.000,light,2460,2024-02-20
2024-02-19T00:15:30.000,wake,390,2024-02-19
2024-02-19T00:22:00.000,light,180,2024-02-19
2024-02-19T00:25:00.000,deep,3180,2024-02-19
2024-02-19T01:18:00.000,wake,330,2024-02-19
2024-02-19T01:23:30.000,rem,360,2024-02-19
2024-02-19T01:29:30.000,wake,300,2024-02-19
2024-02-19T01:34:30.000,light,360,2024-02-19
2024-02-19T01:40:30.000,wake,210,2024-02-19
2024-02-19T01:44:00.000,light,5010,2024-02-19
2024-02-19T03:07:30.000,rem,1650,2024-02-19
2024-02-19T03:35:00.000,light,4440,2024-02-19
2024-02-19T04:49:00.000,rem,1650,2024-02-19
2024-02-19T05:16:30.000,light,3060,2024-02-19
2024-02-19T06:07:30.000,rem,1740,2024-02-19
2024-02-19T06:36:30.000,light,90,2024-02-19
2024-02-19T06:38:00.000,wake,300,2024-02-19
2024-02-19T06:43:00.000,light,3300,2024-02-19
2024-02-19T07:38:00.000,wake,720,2024-02-19
2024-02-18T00:12:30.000,wake,600,2024-02-18
2024-02-18T00:22:30.000,light,1200,2024-02-18
2024-02-18T00:42:30.000,deep,3330,2024-02-18
2024-02-18T01:38:00.000,wake,210,2024-02-18
2024-02-18T01:41:30.000,light,1830,2024-02-18
2024-02-18T02:12:00.000,deep,1050,2024-02-18
2024-02-18T02:29:30.000,light,2400,2024-02-18
2024-02-18T03:09:30.000,rem,1920,2024-02-18
2024-02-18T03:41:30.000,light,1710,2024-02-18
2024-02-18T04:10:00.000,wake,240,2024-02-18
2024-02-18T04:14:00.000,light,870,2024-02-18
2024-02-18T04:28:30.000,wake,210,2024-02-18
2024-02-18T04:32:00.000,light,240,2024-02-18
2024-02-18T04:36:00.000,wake,930,2024-02-18
2024-02-18T04:51:30.000,light,570,2024-02-18
2024-02-18T05:01:00.000,wake,270,2024-02-18
2024-02-18T05:05:30.000,light,1500,2024-02-18
2024-02-18T05:30:30.000,rem,1650,2024-02-18
2024-02-18T05:58:00.000,light,2730,2024-02-18
2024-02-18T06:43:30.000,wake,510,2024-02-18
2024-02-18T06:52:00.000,light,930,2024-02-18
2024-02-18T07:07:30.000,wake,330,2024-02-18
2024-02-16T23:52:30.000,wake,480,2024-02-17
2024-02-17T00:00:30.000,light,1410,2024-02-17
2024-02-17T00:24:00.000,deep,840,2024-02-17
2024-02-17T00:38:00.000,wake,300,2024-02-17
2024-02-17T00:43:00.000,light,1170,2024-02-17
2024-02-17T01:02:30.000,deep,510,2024-02-17
2024-02-17T01:11:00.000,light,1440,2024-02-17
2024-02-17T01:35:00.000,deep,930,2024-02-17
2024-02-17T01:50:30.000,light,90,2024-02-17
2024-02-17T01:52:00.000,rem,2430,2024-02-17
2024-02-17T02:32:30.000,light,960,2024-02-17
2024-02-17T02:48:30.000,deep,1140,2024-02-17
2024-02-17T03:07:30.000,light,2130,2024-02-17
2024-02-17T03:43:00.000,rem,420,2024-02-17
2024-02-17T03:50:00.000,light,330,2024-02-17
2024-02-17T03:55:30.000,wake,420,2024-02-17
2024-02-17T04:02:30.000,light,780,2024-02-17
2024-02-17T04:15:30.000,deep,810,2024-02-17
2024-02-17T04:29:00.000,light,2880,2024-02-17
2024-02-17T05:17:00.000,wake,630,2024-02-17
2024-02-17T05:27:30.000,light,2220,2024-02-17
2024-02-17T06:04:30.000,deep,870,2024-02-17
2024-02-17T06:19:00.000,wake,420,2024-02-17
2024-02-17T06:26:00.000,rem,1320,2024-02-17
2024-02-17T06:48:00.000,wake,420,2024-02-17
2024-02-15T23:08:30.000,wake,480,2024-02-16
2024-02-15T23:16:30.000,light,90,2024-02-16
2024-02-15T23:18:00.000,deep,1560,2024-02-16
2024-02-15T23:44:00.000,wake,300,2024-02-16
2024-02-15T23:49:00.000,light,1080,2024-02-16
2024-02-16T00:07:00.000,wake,210,2024-02-16
2024-02-16T00:10:30.000,light,840,2024-02-16
2024-02-16T00:24:30.000,deep,1320,2024-02-16
2024-02-16T00:46:30.000,light,1110,2024-02-16
2024-02-16T01:05:00.000,rem,930,2024-02-16
2024-02-16T01:20:30.000,light,300,2024-02-16
2024-02-16T01:25:30.000,rem,360,2024-02-16
2024-02-16T01:31:30.000,light,3450,2024-02-16
2024-02-16T02:29:00.000,rem,300,2024-02-16
2024-02-16T02:34:00.000,light,660,2024-02-16
2024-02-16T02:45:00.000,rem,1590,2024-02-16
2024-02-16T03:11:30.000,light,3720,2024-02-16
2024-02-16T04:13:30.000,rem,2580,2024-02-16
2024-02-16T04:56:30.000,wake,480,2024-02-16
2024-02-16T05:04:30.000,light,3150,2024-02-16
2024-02-16T05:57:00.000,rem,330,2024-02-16
2024-02-16T06:02:30.000,light,480,2024-02-16
2024-02-16T06:10:30.000,rem,420,2024-02-16
2024-02-16T06:17:30.000,light,750,2024-02-16
2024-02-16T06:30:00.000,wake,390,2024-02-16
2024-02-16T06:36:30.000,rem,300,2024-02-16
2024-02-16T06:41:30.000,wake,480,2024-02-16
2024-02-15T00:16:30.000,wake,30,2024-02-15
2024-02-15T00:17:00.000,light,360,2024-02-15
2024-02-15T00:23:00.000,deep,300,2024-02-15
2024-02-15T00:28:00.000,light,510,2024-02-15
2024-02-15T00:36:30.000,deep,1140,2024-02-15
2024-02-15T00:55:30.000,light,480,2024-02-15
2024-02-15T01:03:30.000,rem,270,2024-02-15
2024-02-15T01:08:00.000,light,750,2024-02-15
2024-02-15T01:20:30.000,deep,2490,2024-02-15
2024-02-15T02:02:00.000,light,2310,2024-02-15
2024-02-15T02:40:30.000,rem,1500,2024-02-15
2024-02-15T03:05:30.000,light,3150,2024-02-15
2024-02-15T03:58:00.000,deep,270,2024-02-15
2024-02-15T04:02:30.000,light,630,2024-02-15
2024-02-15T04:13:00.000,rem,570,2024-02-15
2024-02-15T04:22:30.000,light,630,2024-02-15
2024-02-15T04:33:00.000,rem,840,2024-02-15
2024-02-15T04:47:00.000,wake,210,2024-02-15
2024-02-15T04:50:30.000,light,1470,2024-02-15
2024-02-15T05:15:00.000,rem,570,2024-02-15
2024-02-15T05:24:30.000,light,1380,2024-02-15
2024-02-15T05:47:30.000,rem,780,2024-02-15
2024-02-15T06:00:30.000,light,480,2024-02-15
2024-02-15T06:08:30.000,wake,450,2024-02-15
2024-02-15T06:16:00.000,light,960,2024-02-15
2024-02-15T06:32:00.000,wake,840,2024-02-15
2024-02-15T06:46:00.000,light,1410,2024-02-15
2024-02-15T07:09:30.000,rem,1440,2024-02-15
2024-02-15T07:33:30.000,light,2940,2024-02-15
2024-02-15T08:22:30.000,wake,780,2024-02-15
2024-02-13T23:22:30.000,wake,30,2024-02-14
2024-02-13T23:23:00.000,light,330,2024-02-14
2024-02-13T23:28:30.000,deep,2730,2024-02-14
2024-02-14T00:14:00.000,light,30,2024-02-14
2024-02-14T00:14:30.000,rem,960,2024-02-14
2024-02-14T00:30:30.000,light,1320,2024-02-14
2024-02-14T00:52:30.000,deep,1470,2024-02-14
2024-02-14T01:17:00.000,rem,1650,2024-02-14
2024-02-14T01:44:30.000,light,1500,2024-02-14
2024-02-14T02:09:30.000,wake,240,2024-02-14
2024-02-14T02:13:30.000,light,1560,2024-02-14
2024-02-14T02:39:30.000,wake,450,2024-02-14
2024-02-14T02:47:00.000,rem,2400,2024-02-14
2024-02-14T03:27:00.000,light,2010,2024-02-14
2024-02-14T04:00:30.000,wake,510,2024-02-14
2024-02-14T04:09:00.000,light,1170,2024-02-14
2024-02-14T04:28:30.000,wake,390,2024-02-14
2024-02-14T04:35:00.000,light,210,2024-02-14
2024-02-14T04:38:30.000,rem,540,2024-02-14
2024-02-14T04:47:30.000,wake,330,2024-02-14
2024-02-14T04:53:00.000,rem,1830,2024-02-14
2024-02-14T05:23:30.000,light,1440,2024-02-14
2024-02-14T05:47:30.000,wake,450,2024-02-14
2024-02-14T05:55:00.000,light,1200,2024-02-14
2024-02-14T06:15:00.000,rem,1410,2024-02-14
2024-02-14T06:38:30.000,light,60,2024-02-14
2024-02-14T06:39:30.000,wake,1080,2024-02-14
2024-02-14T06:57:30.000,light,2670,2024-02-14
2024-02-13T01:19:00.000,light,150,2024-02-13
2024-02-13T01:21:30.000,wake,210,2024-02-13
2024-02-13T01:25:00.000,light,630,2024-02-13
2024-02-13T01:35:30.000,deep,2040,2024-02-13
2024-02-13T02:09:30.000,light,1260,2024-02-13
2024-02-13T02:30:30.000,rem,330,2024-02-13
2024-02-13T02:36:00.000,light,570,2024-02-13
2024-02-13T02:45:30.000,wake,840,2024-02-13
2024-02-13T02:59:30.000,light,1470,2024-02-13
2024-02-13T03:24:00.000,deep,420,2024-02-13
2024-02-13T03:31:00.000,light,960,2024-02-13
2024-02-13T03:47:00.000,rem,2070,2024-02-13
2024-02-13T04:21:30.000,light,3690,2024-02-13
2024-02-13T05:23:00.000,rem,300,2024-02-13
2024-02-13T05:28:00.000,light,450,2024-02-13
2024-02-13T05:35:30.000,rem,330,2024-02-13
2024-02-13T05:41:00.000,light,390,2024-02-13
2024-02-13T05:47:30.000,wake,480,2024-02-13
2024-02-13T05:55:30.000,light,1320,2024-02-13
2024-02-13T06:17:30.000,wake,210,2024-02-13
2024-02-12T00:03:30.000,wake,60,2024-02-12
2024-02-12T00:04:30.000,light,1440,2024-02-12
2024-02-12T00:28:30.000,deep,2370,2024-02-12
2024-02-12T01:08:00.000,light,840,2024-02-12
2024-02-12T01:22:00.000,rem,780,2024-02-12
2024-02-12T01:35:00.000,light,750,2024-02-12
2024-02-12T01:47:30.000,deep,1110,2024-02-12
2024-02-12T02:06:00.000,light,2520,2024-02-12
2024-02-12T02:48:00.000,wake,480,2024-02-12
2024-02-12T02:56:00.000,light,150,2024-02-12
2024-02-12T02:58:30.000,rem,1200,2024-02-12
2024-02-12T03:18:30.000,light,120,2024-02-12
2024-02-12T03:20:30.000,wake,1980,2024-02-12
2024-02-12T03:53:30.000,light,1170,2024-02-12
2024-02-12T04:13:00.000,wake,480,2024-02-12
2024-02-12T04:21:00.000,light,2430,2024-02-12
2024-02-12T05:01:30.000,rem,1710,2024-02-12
2024-02-12T05:30:00.000,light,1800,2024-02-12
2024-02-12T06:00:00.000,deep,330,2024-02-12
2024-02-12T06:05:30.000,light,120,2024-02-12
2024-02-12T06:07:30.000,rem,1770,2024-02-12
2024-02-12T06:37:00.000,wake,630,2024-02-12
2024-02-11T00:34:30.000,wake,30,2024-02-11
2024-02-11T00:35:00.000,light,510,2024-02-11
2024-02-11T00:43:30.000,deep,1410,2024-02-11
2024-02-11T01:07:00.000,light,540,2024-02-11
2024-02-11T01:16:00.000,deep,1560,2024-02-11
2024-02-11T01:42:00.000,light,30,2024-02-11
2024-02-11T01:42:30.000,rem,960,2024-02-11
2024-02-11T01:58:30.000,light,420,2024-02-11
2024-02-11T02:05:30.000,deep,450,2024-02-11
2024-02-11T02:13:00.000,light,2910,2024-02-11
2024-02-11T03:01:30.000,rem,2220,2024-02-11
2024-02-11T03:38:30.000,wake,750,2024-02-11
2024-02-11T03:51:00.000,light,2460,2024-02-11
2024-02-11T04:32:00.000,deep,330,2024-02-11
2024-02-11T04:37:30.000,wake,240,2024-02-11
2024-02-11T04:41:30.000,light,660,2024-02-11
2024-02-11T04:52:30.000,rem,810,2024-02-11
2024-02-11T05:06:00.000,light,2010,2024-02-11
2024-02-11T05:39:30.000,rem,2520,2024-02-11
2024-02-11T06:21:30.000,light,1770,2024-02-11
2024-02-11T06:51:00.000,wake,750,2024-02-11
2024-02-11T07:03:30.000,light,210,2024-02-11
2024-02-11T07:07:00.000,rem,480,2024-02-11
2024-02-11T07:15:00.000,light,240,2024-02-11
2024-02-11T07:19:00.000,wake,210,2024-02-11
2024-02-11T07:22:30.000,rem,1500,2024-02-11
2024-02-11T07:47:30.000,light,1440,2024-02-11
2024-02-11T08:11:30.000,deep,930,2024-02-11
2024-02-11T08:27:00.000,wake,540,2024-02-11
2024-02-11T08:36:00.000,light,390,2024-02-11
2024-02-10T01:53:30.000,wake,450,2024-02-10
2024-02-10T02:01:00.000,light,990,2024-02-10
2024-02-10T02:17:30.000,deep,480,2024-02-10
2024-02-10T02:25:30.000,light,660,2024-02-10
2024-02-10T02:36:30.000,deep,330,2024-02-10
2024-02-10T02:42:00.000,light,600,2024-02-10
2024-02-10T02:52:00.000,rem,360,2024-02-10
2024-02-10T02:58:00.000,light,120,2024-02-10
2024-02-10T03:00:00.000,wake,390,2024-02-10
2024-02-10T03:06:30.000,rem,1230,2024-02-10
2024-02-10T03:27:00.000,light,750,2024-02-10
2024-02-10T03:39:30.000,deep,1830,2024-02-10
2024-02-10T04:10:00.000,light,810,2024-02-10
2024-02-10T04:23:30.000,wake,690,2024-02-10
2024-02-10T04:35:00.000,light,150,2024-02-10
2024-02-10T04:37:30.000,rem,270,2024-02-10
2024-02-10T04:42:00.000,light,1230,2024-02-10
2024-02-10T05:02:30.000,deep,1470,2024-02-10
2024-02-10T05:27:00.000,rem,2910,2024-02-10
2024-02-10T06:15:30.000,light,2280,2024-02-10
2024-02-10T06:53:30.000,wake,300,2024-02-10
2024-02-10T06:58:30.000,light,510,2024-02-10
2024-02-10T07:07:00.000,rem,330,2024-02-10
2024-02-10T07:12:30.000,wake,300,2024-02-10
2024-02-10T07:17:30.000,light,480,2024-02-10
2024-02-10T07:25:30.000,rem,870,2024-02-10
2024-02-10T07:40:00.000,light,150,2024-02-10
2024-02-08T23:11:00.000,wake,420,2024-02-09
2024-02-08T23:18:00.000,light,480,2024-02-09
2024-02-08T23:26:00.000,wake,810,2024-02-09
2024-02-08T23:39:30.000,light,1290,2024-02-09
2024-02-09T00:01:00.000,deep,1740,2024-02-09
2024-02-09T00:30:00.000,light,1140,2024-02-09
2024-02-09T00:49:00.000,deep,2910,2024-02-09
2024-02-09T01:37:30.000,light,30,2024-02-09
2024-02-09T01:38:00.000,rem,1230,2024-02-09
2024-02-09T01:58:30.000,light,840,2024-02-09
2024-02-09T02:12:30.000,deep,810,2024-02-09
2024-02-09T02:26:00.000,light,2190,2024-02-09
2024-02-09T03:02:30.000,rem,1890,2024-02-09
2024-02-09T03:34:00.000,light,480,2024-02-09
2024-02-09T03:42:00.000,deep,1260,2024-02-09
2024-02-09T04:03:00.000,light,1890,2024-02-09
2024-02-09T04:34:30.000,rem,1560,2024-02-09
2024-02-09T05:00:30.000,wake,360,2024-02-09
2024-02-09T05:06:30.000,light,540,2024-02-09
2024-02-09T05:15:30.000,deep,660,2024-02-09
2024-02-09T05:26:30.000,light,1500,2024-02-09
2024-02-09T05:51:30.000,rem,2910,2024-02-09
2024-02-09T06:40:00.000,light,930,2024-02-09
2024-02-09T06:55:30.000,wake,330,2024-02-09
2024-02-09T07:01:00.000,light,180,2024-02-09
2024-02-09T07:04:00.000,wake,720,2024-02-09
2024-02-09T07:16:00.000,light,270,2024-02-09
2024-02-09T07:20:30.000,wake,330,2024-02-09
2024-02-09T07:26:00.000,light,360,2024-02-09
2024-02-09T07:32:00.000,wake,660,2024-02-09
2024-02-09T07:43:00.000,light,390,2024-02-09
2024-02-09T07:49:30.000,rem,300,2024-02-09
2024-02-09T07:54:30.000,light,900,2024-02-09
2024-02-09T08:09:30.000,rem,300,2024-02-09
2024-02-09T08:14:30.000,light,120,2024-02-09
2024-02-09T08:16:30.000,wake,1620,2024-02-09
2024-02-07T00:09:30.000,light,180,2024-02-07
2024-02-07T00:12:30.000,deep,2670,2024-02-07
2024-02-07T00:57:00.000,light,270,2024-02-07
2024-02-07T01:01:30.000,rem,720,2024-02-07
2024-02-07T01:13:30.000,light,3510,2024-02-07
2024-02-07T02:12:00.000,wake,510,2024-02-07
2024-02-07T02:20:30.000,rem,1170,2024-02-07
2024-02-07T02:40:00.000,light,990,2024-02-07
2024-02-07T02:56:30.000,wake,240,2024-02-07
2024-02-07T03:00:30.000,light,2850,2024-02-07
2024-02-07T03:48:00.000,rem,1650,2024-02-07
2024-02-07T04:15:30.000,light,810,2024-02-07
2024-02-07T04:29:00.000,deep,1410,2024-02-07
2024-02-07T04:52:30.000,light,240,2024-02-07
2024-02-07T04:56:30.000,wake,270,2024-02-07
2024-02-07T05:01:00.000,light,570,2024-02-07
2024-02-07T05:10:30.000,rem,2160,2024-02-07
2024-02-07T05:46:30.000,light,3240,2024-02-07
2024-02-07T06:40:30.000,wake,330,2024-02-07
2024-02-07T06:46:00.000,light,240,2024-02-07
2024-02-07T06:50:00.000,rem,630,2024-02-07
2024-02-07T07:00:30.000,light,90,2024-02-07
2024-02-07T07:02:00.000,wake,240,2024-02-07
2024-02-07T07:06:00.000,light,150,2024-02-07
2024-02-07T07:08:30.000,wake,360,2024-02-07
2024-02-06T00:13:00.000,wake,600,2024-02-06
2024-02-06T00:23:00.000,light,90,2024-02-06
2024-02-06T00:24:30.000,deep,2430,2024-02-06
2024-02-06T01:05:00.000,light,3240,2024-02-06
2024-02-06T01:59:00.000,wake,360,2024-02-06
2024-02-06T02:05:00.000,light,510,2024-02-06
2024-02-06T02:13:30.000,wake,330,2024-02-06
2024-02-06T02:19:00.000,light,90,2024-02-06
2024-02-06T02:20:30.000,rem,1320,2024-02-06
2024-02-06T02:42:30.000,light,1020,2024-02-06
2024-02-06T02:59:30.000,deep,390,2024-02-06
2024-02-06T03:06:00.000,light,3150,2024-02-06
2024-02-06T03:58:30.000,rem,2010,2024-02-06
2024-02-06T04:32:00.000,light,2760,2024-02-06
2024-02-06T05:18:00.000,rem,510,2024-02-06
2024-02-06T05:26:30.000,light,780,2024-02-06
2024-02-06T05:39:30.000,wake,300,2024-02-06
2024-02-06T05:44:30.000,light,30,2024-02-06
2024-02-06T05:45:00.000,rem,1410,2024-02-06
2024-02-06T06:08:30.000,light,2340,2024-02-06
2024-02-06T06:47:30.000,wake,300,2024-02-06
2024-02-06T06:52:30.000,light,240,2024-02-06
2024-02-06T06:56:30.000,wake,240,2024-02-06
2024-02-05T02:32:00.000,wake,660,2024-02-05
2024-02-05T02:43:00.000,light,1170,2024-02-05
2024-02-05T03:02:30.000,deep,1980,2024-02-05
2024-02-05T03:35:30.000,rem,1410,2024-02-05
2024-02-05T03:59:00.000,light,630,2024-02-05
2024-02-05T04:09:30.000,deep,3210,2024-02-05
2024-02-05T05:03:00.000,light,60,2024-02-05
2024-02-05T05:04:00.000,rem,1620,2024-02-05
2024-02-05T05:31:00.000,light,3420,2024-02-05
2024-02-05T06:28:00.000,rem,270,2024-02-05
2024-02-05T06:32:30.000,light,360,2024-02-05
2024-02-05T06:38:30.000,wake,300,2024-02-05
2024-02-05T06:43:30.000,light,1920,2024-02-05
2024-02-05T07:15:30.000,wake,240,2024-02-05
2024-02-05T07:19:30.000,light,1200,2024-02-05
2024-02-05T07:39:30.000,rem,1500,2024-02-05
2024-02-05T08:04:30.000,wake,510,2024-02-05
2024-02-04T00:41:30.000,wake,510,2024-02-04
2024-02-04T00:50:00.000,light,180,2024-02-04
2024-02-04T00:53:00.000,deep,1530,2024-02-04
2024-02-04T01:18:30.000,light,1890,2024-02-04
2024-02-04T01:50:00.000,deep,360,2024-02-04
2024-02-04T01:56:00.000,light,240,2024-02-04
2024-02-04T02:00:00.000,rem,930,2024-02-04
2024-02-04T02:15:30.000,light,540,2024-02-04
2024-02-04T02:24:30.000,deep,2820,2024-02-04
2024-02-04T03:11:30.000,rem,1140,2024-02-04
2024-02-04T03:30:30.000,wake,390,2024-02-04
2024-02-04T03:37:00.000,light,1830,2024-02-04
2024-02-04T04:07:30.000,wake,270,2024-02-04
2024-02-04T04:12:00.000,light,1470,2024-02-04
2024-02-04T04:36:30.000,rem,630,2024-02-04
2024-02-04T04:47:00.000,light,2610,2024-02-04
2024-02-04T05:30:30.000,wake,510,2024-02-04
2024-02-04T05:39:00.000,light,300,2024-02-04
2024-02-04T05:44:00.000,rem,2130,2024-02-04
2024-02-04T06:19:30.000,light,3390,2024-02-04
2024-02-04T07:16:00.000,wake,330,2024-02-04
2024-02-02T22:53:30.000,wake,30,2024-02-03
2024-02-02T22:54:00.000,light,690,2024-02-03
2024-02-02T23:05:30.000,deep,1110,2024-02-03
2024-02-02T23:24:00.000,light,390,2024-02-03
2024-02-02T23:30:30.000,deep,3060,2024-02-03
2024-02-03T00:21:30.000,rem,1470,2024-02-03
2024-02-03T00:46:00.000,light,3570,2024-02-03
2024-02-03T01:45:30.000,rem,1500,2024-02-03
2024-02-03T02:10:30.000,wake,510,2024-02-03
2024-02-03T02:19:00.000,light,3900,2024-02-03
2024-02-03T03:24:00.000,wake,660,2024-02-03
2024-02-03T03:35:00.000,light,180,2024-02-03
2024-02-03T03:38:00.000,rem,420,2024-02-03
2024-02-03T03:45:00.000,light,1860,2024-02-03
2024-02-03T04:16:00.000,wake,300,2024-02-03
2024-02-03T04:21:00.000,light,2130,2024-02-03
2024-02-03T04:56:30.000,rem,2910,2024-02-03
2024-02-03T05:45:00.000,light,2940,2024-02-03
2024-02-03T06:34:00.000,deep,450,2024-02-03
2024-02-03T06:41:30.000,light,1200,2024-02-03
2024-02-03T07:01:30.000,wake,720,2024-02-03
2024-02-02T01:22:30.000,wake,450,2024-02-02
2024-02-02T01:30:00.000,light,480,2024-02-02
2024-02-02T01:38:00.000,deep,1740,2024-02-02
2024-02-02T02:07:00.000,wake,210,2024-02-02
2024-02-02T02:10:30.000,light,570,2024-02-02
2024-02-02T02:20:00.000,rem,810,2024-02-02
2024-02-02T02:33:30.000,light,870,2024-02-02
2024-02-02T02:48:00.000,deep,1260,2024-02-02
2024-02-02T03:09:00.000,wake,360,2024-02-02
2024-02-02T03:15:00.000,light,60,2024-02-02
2024-02-02T03:16:00.000,deep,1650,2024-02-02
2024-02-02T03:43:30.000,light,30,2024-02-02
2024-02-02T03:44:00.000,rem,1260,2024-02-02
2024-02-02T04:05:00.000,light,4260,2024-02-02
2024-02-02T05:16:00.000,rem,2880,2024-02-02
2024-02-02T06:04:00.000,light,1140,2024-02-02
2024-02-02T06:23:00.000,wake,660,2024-02-02
2024-01-30T22:46:30.000,wake,1110,2024-01-31
2024-01-30T23:05:00.000,light,660,2024-01-31
2024-01-30T23:16:00.000,deep,2520,2024-01-31
2024-01-30T23:58:00.000,light,2190,2024-01-31
2024-01-31T00:34:30.000,rem,870,2024-01-31
2024-01-31T00:49:00.000,light,1530,2024-01-31
2024-01-31T01:14:30.000,rem,990,2024-01-31
2024-01-31T01:31:00.000,light,2220,2024-01-31
2024-01-31T02:08:00.000,wake,240,2024-01-31
2024-01-31T02:12:00.000,light,2220,2024-01-31
2024-01-31T02:49:00.000,rem,300,2024-01-31
2024-01-31T02:54:00.000,light,240,2024-01-31
2024-01-31T02:58:00.000,rem,1680,2024-01-31
2024-01-31T03:26:00.000,light,1200,2024-01-31
2024-01-31T03:46:00.000,deep,300,2024-01-31
2024-01-31T03:51:00.000,light,1440,2024-01-31
2024-01-31T04:15:00.000,wake,240,2024-01-31
2024-01-31T04:19:00.000,light,1860,2024-01-31
2024-01-31T04:50:00.000,rem,2010,2024-01-31
2024-01-31T05:23:30.000,light,5070,2024-01-31
2024-01-31T06:48:00.000,rem,300,2024-01-31
2024-01-31T06:53:00.000,wake,990,2024-01-31
2024-01-31T07:09:30.000,light,510,2024-01-31
2024-01-31T07:18:00.000,wake,2550,2024-01-31
2024-01-29T23:13:30.000,wake,30,2024-01-30
2024-01-29T23:14:00.000,light,450,2024-01-30
2024-01-29T23:21:30.000,deep,2190,2024-01-30
2024-01-29T23:58:00.000,light,90,2024-01-30
2024-01-29T23:59:30.000,rem,1350,2024-01-30
2024-01-30T00:22:00.000,light,810,2024-01-30
2024-01-30T00:35:30.000,deep,2550,2024-01-30
2024-01-30T01:18:00.000,light,750,2024-01-30
2024-01-30T01:30:30.000,rem,2130,2024-01-30
2024-01-30T02:06:00.000,light,4620,2024-01-30
2024-01-30T03:23:00.000,wake,540,2024-01-30
2024-01-30T03:32:00.000,rem,960,2024-01-30
2024-01-30T03:48:00.000,light,4230,2024-01-30
2024-01-30T04:58:30.000,wake,330,2024-01-30
2024-01-30T05:04:00.000,light,60,2024-01-30
2024-01-30T05:05:00.000,rem,1440,2024-01-30
2024-01-30T05:29:00.000,light,300,2024-01-30
2024-01-30T05:34:00.000,wake,900,2024-01-30
2024-01-30T05:49:00.000,light,4290,2024-01-30
2024-01-30T07:00:30.000,rem,1050,2024-01-30
2024-01-30T07:18:00.000,light,150,2024-01-30
2024-01-28T23:51:30.000,light,870,2024-01-29
2024-01-29T00:06:00.000,deep,2430,2024-01-29
2024-01-29T00:46:30.000,light,1110,2024-01-29
2024-01-29T01:05:00.000,rem,660,2024-01-29
2024-01-29T01:16:00.000,light,1380,2024-01-29
2024-01-29T01:39:00.000,deep,720,2024-01-29
2024-01-29T01:51:00.000,light,2190,2024-01-29
2024-01-29T02:27:30.000,wake,450,2024-01-29
2024-01-29T02:35:00.000,light,30,2024-01-29
2024-01-29T02:35:30.000,rem,1830,2024-01-29
2024-01-29T03:06:00.000,light,3090,2024-01-29
2024-01-29T03:57:30.000,deep,300,2024-01-29
2024-01-29T04:02:30.000,wake,240,2024-01-29
2024-01-29T04:06:30.000,light,60,2024-01-29
2024-01-29T04:07:30.000,rem,1290,2024-01-29
2024-01-29T04:29:00.000,light,3870,2024-01-29
2024-01-29T05:33:30.000,rem,1290,2024-01-29
2024-01-29T05:55:00.000,wake,330,2024-01-29
2024-01-29T06:00:30.000,light,2100,2024-01-29
2024-01-29T06:35:30.000,rem,1440,2024-01-29
2024-01-29T06:59:30.000,light,4110,2024-01-29
2024-01-29T08:08:00.000,wake,1020,2024-01-29
2024-01-28T00:03:30.000,wake,810,2024-01-28
2024-01-28T00:17:00.000,light,1170,2024-01-28
2024-01-28T00:36:30.000,deep,1080,2024-01-28
2024-01-28T00:54:30.000,light,480,2024-01-28
2024-01-28T01:02:30.000,rem,750,2024-01-28
2024-01-28T01:15:00.000,light,1860,2024-01-28
2024-01-28T01:46:00.000,deep,270,2024-01-28
2024-01-28T01:50:30.000,light,1950,2024-01-28
2024-01-28T02:23:00.000,rem,1140,2024-01-28
2024-01-28T02:42:00.000,wake,780,2024-01-28
2024-01-28T02:55:00.000,light,150,2024-01-28
2024-01-28T02:57:30.000,deep,1920,2024-01-28
2024-01-28T03:29:30.000,light,1230,2024-01-28
2024-01-28T03:50:00.000,rem,1920,2024-01-28
2024-01-28T04:22:00.000,light,690,2024-01-28
2024-01-28T04:33:30.000,rem,420,2024-01-28
2024-01-28T04:40:30.000,light,3300,2024-01-28
2024-01-28T05:35:30.000,rem,870,2024-01-28
2024-01-28T05:50:00.000,wake,480,2024-01-28
2024-01-28T05:58:00.000,light,3150,2024-01-28
2024-01-27T00:00:00.000,wake,30,2024-01-27
2024-01-27T00:00:30.000,light,300,2024-01-27
2024-01-27T00:05:30.000,deep,2850,2024-01-27
2024-01-27T00:53:00.000,light,300,2024-01-27
2024-01-27T00:58:00.000,rem,690,2024-01-27
2024-01-27T01:09:30.000,light,3630,2024-01-27
2024-01-27T02:10:00.000,deep,330,2024-01-27
2024-01-27T02:15:30.000,light,870,2024-01-27
2024-01-27T02:30:00.000,rem,2190,2024-01-27
2024-01-27T03:06:30.000,light,2850,2024-01-27
2024-01-27T03:54:00.000,rem,300,2024-01-27
2024-01-27T03:59:00.000,light,1590,2024-01-27
2024-01-27T04:25:30.000,rem,1290,2024-01-27
2024-01-27T04:47:00.000,light,120,2024-01-27
2024-01-27T04:49:00.000,wake,660,2024-01-27
2024-01-27T05:00:00.000,light,990,2024-01-27
2024-01-27T05:16:30.000,deep,1080,2024-01-27
2024-01-27T05:34:30.000,light,690,2024-01-27
2024-01-27T05:46:00.000,rem,2970,2024-01-27
2024-01-27T06:35:30.000,light,4050,2024-01-27
2024-01-27T07:43:00.000,wake,570,2024-01-27
2024-01-26T00:44:00.000,light,240,2024-01-26
2024-01-26T00:48:00.000,deep,1590,2024-01-26
2024-01-26T01:14:30.000,light,120,2024-01-26
2024-01-26T01:16:30.000,wake,510,2024-01-26
2024-01-26T01:25:00.000,light,720,2024-01-26
2024-01-26T01:37:00.000,deep,1140,2024-01-26
2024-01-26T01:56:00.000,light,570,2024-01-26
2024-01-26T02:05:30.000,deep,300,2024-01-26
2024-01-26T02:10:30.000,light,2160,2024-01-26
2024-01-26T02:46:30.000,deep,270,2024-01-26
2024-01-26T02:51:00.000,light,180,2024-01-26
2024-01-26T02:54:00.000,rem,2850,2024-01-26
2024-01-26T03:41:30.000,light,4890,2024-01-26
2024-01-26T05:03:00.000,rem,2160,2024-01-26
2024-01-26T05:39:00.000,light,960,2024-01-26
2024-01-26T05:55:00.000,deep,1950,2024-01-26
2024-01-26T06:27:30.000,light,900,2024-01-26
2024-01-26T06:42:30.000,wake,600,2024-01-26
2024-01-26T06:52:30.000,light,390,2024-01-26
2024-01-26T06:59:00.000,wake,1380,2024-01-26
2024-01-25T00:41:30.000,wake,540,2024-01-25
2024-01-25T00:50:30.000,light,210,2024-01-25
2024-01-25T00:54:00.000,deep,1590,2024-01-25
2024-01-25T01:20:30.000,light,780,2024-01-25
2024-01-25T01:33:30.000,deep,630,2024-01-25
2024-01-25T01:44:00.000,rem,1260,2024-01-25
2024-01-25T02:05:00.000,light,1200,2024-01-25
2024-01-25T02:25:00.000,deep,330,2024-01-25
2024-01-25T02:30:30.000,light,1350,2024-01-25
2024-01-25T02:53:00.000,deep,810,2024-01-25
2024-01-25T03:06:30.000,rem,1770,2024-01-25
2024-01-25T03:36:00.000,light,2880,2024-01-25
2024-01-25T04:24:00.000,deep,720,2024-01-25
2024-01-25T04:36:00.000,light,1230,2024-01-25
2024-01-25T04:56:30.000,rem,1770,2024-01-25
2024-01-25T05:26:00.000,wake,660,2024-01-25
2024-01-25T05:37:00.000,light,1500,2024-01-25
2024-01-25T06:02:00.000,wake,210,2024-01-25
2024-01-25T06:05:30.000,light,1440,2024-01-25
2024-01-25T06:29:30.000,wake,420,2024-01-25
2024-01-25T06:36:30.000,light,90,2024-01-25
2024-01-25T06:38:00.000,rem,330,2024-01-25
2024-01-25T06:43:30.000,light,1290,2024-01-25
2024-01-25T07:05:00.000,rem,330,2024-01-25
2024-01-23T23:50:00.000,wake,600,2024-01-24
2024-01-24T00:00:00.000,light,1380,2024-01-24
2024-01-24T00:23:00.000,deep,1050,2024-01-24
2024-01-24T00:40:30.000,light,1140,2024-01-24
2024-01-24T00:59:30.000,deep,270,2024-01-24
2024-01-24T01:04:00.000,light,60,2024-01-24
2024-01-24T01:05:00.000,rem,1230,2024-01-24
2024-01-24T01:25:30.000,light,1920,2024-01-24
2024-01-24T01:57:30.000,rem,3660,2024-01-24
2024-01-24T02:58:30.000,light,4050,2024-01-24
2024-01-24T04:06:00.000,rem,1350,2024-01-24
2024-01-24T04:28:30.000,wake,390,2024-01-24
2024-01-24T04:35:00.000,light,450,2024-01-24
2024-01-24T04:42:30.000,deep,2280,2024-01-24
2024-01-24T05:20:30.000,light,990,2024-01-24
2024-01-24T05:37:00.000,wake,330,2024-01-24
2024-01-24T05:42:30.000,rem,1500,2024-01-24
2024-01-24T06:07:30.000,light,3900,2024-01-24
2024-01-24T07:12:30.000,rem,1500,2024-01-24
2024-01-24T07:37:30.000,light,90,2024-01-24
2024-01-24T07:39:00.000,wake,1140,2024-01-24
2024-01-24T07:58:00.000,light,150,2024-01-24
2024-01-24T08:00:30.000,wake,3030,2024-01-24
2024-01-24T08:51:00.000,light,2340,2024-01-24
2024-01-24T09:30:00.000,rem,2160,2024-01-24
2024-01-24T10:06:00.000,light,810,2024-01-24
2024-01-24T10:19:30.000,deep,900,2024-01-24
2024-01-24T10:34:30.000,light,450,2024-01-24
2024-01-23T00:33:30.000,wake,690,2024-01-23
2024-01-23T00:45:00.000,light,810,2024-01-23
2024-01-23T00:58:30.000,deep,2400,2024-01-23
2024-01-23T01:38:30.000,light,240,2024-01-23
2024-01-23T01:42:30.000,rem,900,2024-01-23
2024-01-23T01:57:30.000,light,4200,2024-01-23
2024-01-23T03:07:30.000,rem,1770,2024-01-23
2024-01-23T03:37:00.000,light,2520,2024-01-23
2024-01-23T04:19:00.000,wake,480,2024-01-23
2024-01-23T04:27:00.000,light,1560,2024-01-23
2024-01-23T04:53:00.000,rem,1740,2024-01-23
2024-01-23T05:22:00.000,light,1470,2024-01-23
2024-01-23T05:46:30.000,deep,360,2024-01-23
2024-01-23T05:52:30.000,light,1230,2024-01-23
2024-01-23T06:13:00.000,wake,360,2024-01-23
2024-01-23T06:19:00.000,light,150,2024-01-23
2024-01-23T06:21:30.000,wake,450,2024-01-23
2024-01-23T06:29:00.000,light,600,2024-01-23
2024-01-23T06:39:00.000,wake,630,2024-01-23
2024-01-23T06:49:30.000,light,1560,2024-01-23
2024-01-23T07:15:30.000,deep,300,2024-01-23
2024-01-23T07:20:30.000,wake,510,2024-01-23
2024-01-23T07:29:00.000,rem,270,2024-01-23
2024-01-23T07:33:30.000,light,180,2024-01-23
2024-01-23T07:36:30.000,wake,270,2024-01-23
2024-01-23T07:41:00.000,light,90,2024-01-23
2024-01-23T07:42:30.000,rem,270,2024-01-23
2024-01-21T23:48:30.000,light,90,2024-01-22
2024-01-21T23:50:00.000,wake,420,2024-01-22
2024-01-21T23:57:00.000,light,750,2024-01-22
2024-01-22T00:09:30.000,deep,270,2024-01-22
2024-01-22T00:14:00.000,light,720,2024-01-22
2024-01-22T00:26:00.000,deep,360,2024-01-22
2024-01-22T00:32:00.000,light,1080,2024-01-22
2024-01-22T00:50:00.000,rem,390,2024-01-22
2024-01-22T00:56:30.000,light,1440,2024-01-22
2024-01-22T01:20:30.000,deep,1230,2024-01-22
2024-01-22T01:41:00.000,light,1440,2024-01-22
2024-01-22T02:05:00.000,rem,2370,2024-01-22
2024-01-22T02:44:30.000,light,1440,2024-01-22
2024-01-22T03:08:30.000,deep,810,2024-01-22
2024-01-22T03:22:00.000,wake,360,2024-01-22
2024-01-22T03:28:00.000,light,2340,2024-01-22
2024-01-22T04:07:00.000,rem,2160,2024-01-22
2024-01-22T04:43:00.000,light,510,2024-01-22
2024-01-22T04:51:30.000,deep,1980,2024-01-22
2024-01-22T05:24:30.000,wake,360,2024-01-22
2024-01-22T05:30:30.000,light,780,2024-01-22
2024-01-22T05:43:30.000,wake,1410,2024-01-22
2024-01-22T06:07:00.000,light,150,2024-01-22
2024-01-22T06:09:30.000,wake,390,2024-01-22
2024-01-22T06:16:00.000,light,1890,2024-01-22
2024-01-22T06:47:30.000,deep,270,2024-01-22
2024-01-22T06:52:00.000,light,90,2024-01-22
2024-01-22T06:53:30.000,rem,990,2024-01-22
2024-01-22T07:10:00.000,light,840,2024-01-22
2024-01-22T07:24:00.000,rem,300,2024-01-22
2024-01-22T07:29:00.000,light,3630,2024-01-22
2024-01-22T08:29:30.000,rem,360,2024-01-22
2024-01-22T08:35:30.000,wake,690,2024-01-22
2024-01-20T23:43:00.000,wake,360,2024-01-21
2024-01-20T23:49:00.000,light,2880,2024-01-21
2024-01-21T00:37:00.000,deep,390,2024-01-21
2024-01-21T00:43:30.000,light,210,2024-01-21
2024-01-21T00:47:00.000,rem,330,2024-01-21
2024-01-21T00:52:30.000,light,120,2024-01-21
2024-01-21T00:54:30.000,wake,390,2024-01-21
2024-01-21T01:01:00.000,light,510,2024-01-21
2024-01-21T01:09:30.000,deep,1080,2024-01-21
2024-01-21T01:27:30.000,light,1530,2024-01-21
2024-01-21T01:53:00.000,deep,810,2024-01-21
2024-01-21T02:06:30.000,light,420,2024-01-21
2024-01-21T02:13:30.000,rem,2010,2024-01-21
2024-01-21T02:47:00.000,light,4800,2024-01-21
2024-01-21T04:07:00.000,rem,300,2024-01-21
2024-01-21T04:12:00.000,light,240,2024-01-21
2024-01-21T04:16:00.000,rem,1080,2024-01-21
2024-01-21T04:34:00.000,light,30,2024-01-21
2024-01-21T04:34:30.000,wake,420,2024-01-21
2024-01-21T04:41:30.000,light,2490,2024-01-21
2024-01-21T05:23:00.000,wake,330,2024-01-21
2024-01-21T05:28:30.000,rem,2610,2024-01-21
2024-01-21T06:12:00.000,wake,300,2024-01-21
2024-01-21T06:17:00.000,light,1530,2024-01-21
2024-01-21T06:42:30.000,wake,990,2024-01-21
2024-01-21T06:59:00.000,light,1110,2024-01-21
2024-01-21T07:17:30.000,wake,330,2024-01-21
2024-01-07T00:42:30.000,wake,30,2024-01-07
2024-01-07T00:43:00.000,light,930,2024-01-07
2024-01-07T00:58:30.000,deep,1380,2024-01-07
2024-01-07T01:21:30.000,light,1350,2024-01-07
2024-01-07T01:44:00.000,deep,1830,2024-01-07
2024-01-07T02:14:30.000,light,390,2024-01-07
2024-01-07T02:21:00.000,wake,210,2024-01-07
2024-01-07T02:24:30.000,light,1710,2024-01-07
2024-01-07T02:53:00.000,rem,90,2024-01-07
2024-01-07T02:54:30.000,wake,210,2024-01-07
2024-01-07T02:58:00.000,rem,1800,2024-01-07
2024-01-07T03:28:00.000,light,600,2024-01-07
2024-01-07T03:38:00.000,deep,930,2024-01-07
2024-01-07T03:53:30.000,light,2730,2024-01-07
2024-01-07T04:39:00.000,deep,600,2024-01-07
2024-01-07T04:49:00.000,light,300,2024-01-07
2024-01-07T04:54:00.000,rem,630,2024-01-07
2024-01-07T05:04:30.000,light,270,2024-01-07
2024-01-07T05:09:00.000,wake,510,2024-01-07
2024-01-07T05:17:30.000,light,3180,2024-01-07
2024-01-07T06:10:30.000,rem,1950,2024-01-07
2024-01-07T06:43:00.000,light,2370,2024-01-07
2024-01-07T07:22:30.000,wake,570,2024-01-07
2024-01-07T07:32:00.000,light,390,2024-01-07
2024-01-07T07:38:30.000,rem,270,2024-01-07
2024-01-07T07:43:00.000,wake,1080,2024-01-07
2024-01-07T08:01:00.000,light,3240,2024-01-07
2024-01-06T00:00:00.000,wake,360,2024-01-06
2024-01-06T00:06:00.000,light,360,2024-01-06
2024-01-06T00:12:00.000,deep,2580,2024-01-06
2024-01-06T00:55:00.000,light,300,2024-01-06
2024-01-06T01:00:00.000,rem,450,2024-01-06
2024-01-06T01:07:30.000,light,1260,2024-01-06
2024-01-06T01:28:30.000,deep,450,2024-01-06
2024-01-06T01:36:00.000,light,1050,2024-01-06
2024-01-06T01:53:30.000,rem,270,2024-01-06
2024-01-06T01:58:00.000,light,1080,2024-01-06
2024-01-06T02:16:00.000,deep,270,2024-01-06
2024-01-06T02:20:30.000,light,1140,2024-01-06
2024-01-06T02:39:30.000,wake,1140,2024-01-06
2024-01-06T02:58:30.000,rem,720,2024-01-06
2024-01-06T03:10:30.000,light,1440,2024-01-06
2024-01-06T03:34:30.000,deep,1380,2024-01-06
2024-01-06T03:57:30.000,light,1350,2024-01-06
2024-01-06T04:20:00.000,rem,2070,2024-01-06
2024-01-06T04:54:30.000,light,1740,2024-01-06
2024-01-06T05:23:30.000,wake,270,2024-01-06
2024-01-06T05:28:00.000,light,1500,2024-01-06
2024-01-06T05:53:00.000,wake,630,2024-01-06
2024-01-06T06:03:30.000,rem,1590,2024-01-06
2024-01-06T06:30:00.000,light,2550,2024-01-06
2024-01-06T07:12:30.000,wake,930,2024-01-06
2024-01-06T07:28:00.000,light,660,2024-01-06
2024-01-06T07:39:00.000,wake,480,2024-01-06
2024-01-06T07:47:00.000,light,390,2024-01-06
2024-01-04T23:53:00.000,wake,300,2024-01-05
2024-01-04T23:58:00.000,light,960,2024-01-05
2024-01-05T00:14:00.000,deep,2280,2024-01-05
2024-01-05T00:52:00.000,light,60,2024-01-05
2024-01-05T00:53:00.000,rem,1260,2024-01-05
2024-01-05T01:14:00.000,light,3810,2024-01-05
2024-01-05T02:17:30.000,rem,270,2024-01-05
2024-01-05T02:22:00.000,light,690,2024-01-05
2024-01-05T02:33:30.000,rem,1110,2024-01-05
2024-01-05T02:52:00.000,light,5130,2024-01-05
2024-01-05T04:17:30.000,wake,510,2024-01-05
2024-01-05T04:26:00.000,light,480,2024-01-05
2024-01-05T04:34:00.000,rem,270,2024-01-05
2024-01-05T04:38:30.000,light,2790,2024-01-05
2024-01-05T05:25:00.000,wake,810,2024-01-05
2024-01-05T05:38:30.000,rem,270,2024-01-05
2024-01-05T05:43:00.000,wake,360,2024-01-05
2024-01-05T05:49:00.000,light,450,2024-01-05
2024-01-05T05:56:30.000,deep,450,2024-01-05
2024-01-05T06:04:00.000,light,2550,2024-01-05
2024-01-05T06:46:30.000,wake,510,2024-01-05
2024-01-05T06:55:00.000,rem,1200,2024-01-05
2024-01-05T07:15:00.000,light,60,2024-01-05
2024-01-05T07:16:00.000,wake,630,2024-01-05
2024-01-04T00:15:30.000,light,1140,2024-01-04
2024-01-04T00:34:30.000,deep,300,2024-01-04
2024-01-04T00:39:30.000,light,690,2024-01-04
2024-01-04T00:51:00.000,deep,300,2024-01-04
2024-01-04T00:56:00.000,light,330,2024-01-04
2024-01-04T01:01:30.000,deep,2190,2024-01-04
2024-01-04T01:38:00.000,rem,1140,2024-01-04
2024-01-04T01:57:00.000,light,1680,2024-01-04
2024-01-04T02:25:00.000,deep,330,2024-01-04
2024-01-04T02:30:30.000,light,2760,2024-01-04
2024-01-04T03:16:30.000,rem,1770,2024-01-04
2024-01-04T03:46:00.000,light,1230,2024-01-04
2024-01-04T04:06:30.000,rem,270,2024-01-04
2024-01-04T04:11:00.000,light,2850,2024-01-04
2024-01-04T04:58:30.000,wake,420,2024-01-04
2024-01-04T05:05:30.000,light,180,2024-01-04
2024-01-04T05:08:30.000,wake,990,2024-01-04
2024-01-04T05:25:00.000,light,1620,2024-01-04
2024-01-04T05:52:00.000,rem,450,2024-01-04
2024-01-04T05:59:30.000,light,1530,2024-01-04
2024-01-04T06:25:00.000,rem,870,2024-01-04
2024-01-04T06:39:30.000,wake,390,2024-01-04
2024-01-04T06:46:00.000,light,3030,2024-01-04
2024-01-04T07:36:30.000,rem,2760,2024-01-04
2024-01-04T08:22:30.000,light,1020,2024-01-04
2024-01-04T08:39:30.000,deep,1110,2024-01-04
2024-01-04T08:58:00.000,light,1080,2024-01-04
2024-01-04T09:16:00.000,wake,630,2024-01-04
2024-01-02T23:40:30.000,wake,990,2024-01-03
2024-01-02T23:57:00.000,light,120,2024-01-03
2024-01-02T23:59:00.000,wake,240,2024-01-03
2024-01-03T00:03:00.000,light,120,2024-01-03
2024-01-03T00:05:00.000,wake,1110,2024-01-03
2024-01-03T00:23:30.000,light,660,2024-01-03
2024-01-03T00:34:30.000,deep,1170,2024-01-03
2024-01-03T00:54:00.000,light,1230,2024-01-03
2024-01-03T01:14:30.000,rem,1320,2024-01-03
2024-01-03T01:36:30.000,light,1710,2024-01-03
2024-01-03T02:05:00.000,deep,1830,2024-01-03
2024-01-03T02:35:30.000,light,660,2024-01-03
2024-01-03T02:46:30.000,deep,420,2024-01-03
2024-01-03T02:53:30.000,light,780,2024-01-03
2024-01-03T03:06:30.000,rem,1200,2024-01-03
2024-01-03T03:26:30.000,light,1080,2024-01-03
2024-01-03T03:44:30.000,deep,930,2024-01-03
2024-01-03T04:00:00.000,light,2190,2024-01-03
2024-01-03T04:36:30.000,rem,2400,2024-01-03
2024-01-03T05:16:30.000,light,3270,2024-01-03
2024-01-03T06:11:00.000,rem,2400,2024-01-03
2024-01-03T06:51:00.000,light,1140,2024-01-03
2024-01-03T07:10:00.000,deep,600,2024-01-03
2024-01-03T07:20:00.000,light,1830,2024-01-03
2024-01-03T07:50:30.000,rem,1350,2024-01-03
2024-01-03T08:13:00.000,light,60,2024-01-03
2024-01-02T00:00:00.000,wake,420,2024-01-02
2024-01-02T00:07:00.000,light,60,2024-01-02
2024-01-02T00:08:00.000,deep,2040,2024-01-02
2024-01-02T00:42:00.000,light,1800,2024-01-02
2024-01-02T01:12:00.000,deep,510,2024-01-02
2024-01-02T01:20:30.000,wake,270,2024-01-02
2024-01-02T01:25:00.000,light,180,2024-01-02
2024-01-02T01:28:00.000,deep,420,2024-01-02
2024-01-02T01:35:00.000,light,1080,2024-01-02
2024-01-02T01:53:00.000,rem,2490,2024-01-02
2024-01-02T02:34:30.000,light,450,2024-01-02
2024-01-02T02:42:00.000,deep,690,2024-01-02
2024-01-02T02:53:30.000,light,2880,2024-01-02
2024-01-02T03:41:30.000,rem,1380,2024-01-02
2024-01-02T04:04:30.000,light,570,2024-01-02
2024-01-02T04:14:00.000,deep,450,2024-01-02
2024-01-02T04:21:30.000,light,3030,2024-01-02
2024-01-02T05:12:00.000,rem,270,2024-01-02
2024-01-02T05:16:30.000,light,330,2024-01-02
2024-01-02T05:22:00.000,rem,1380,2024-01-02
2024-01-02T05:45:00.000,light,810,2024-01-02
2024-01-02T05:58:30.000,deep,1470,2024-01-02
2024-01-02T06:23:00.000,light,30,2024-01-02
2024-01-02T06:23:30.000,wake,330,2024-01-02
2024-01-02T06:29:00.000,light,1170,2024-01-02
2024-01-02T06:48:30.000,wake,300,2024-01-02
2024-01-02T06:53:30.000,rem,1590,2024-01-02
2024-01-02T07:20:00.000,wake,300,2024-01-02
2024-01-02T07:25:00.000,light,2580,2024-01-02
2024-01-02T08:08:00.000,wake,360,2024-01-02
2024-01-02T08:14:00.000,light,840,2024-01-02
2024-01-02T08:28:00.000,wake,480,2024-01-02
2023-12-29T23:42:30.000,light,900,2023-12-30
2023-12-29T23:57:30.000,deep,2010,2023-12-30
2023-12-30T00:31:00.000,light,270,2023-12-30
2023-12-30T00:35:30.000,rem,3090,2023-12-30
2023-12-30T01:27:00.000,light,660,2023-12-30
2023-12-30T01:38:00.000,deep,1800,2023-12-30
2023-12-30T02:08:00.000,light,2220,2023-12-30
2023-12-30T02:45:00.000,rem,1230,2023-12-30
2023-12-30T03:05:30.000,light,990,2023-12-30
2023-12-30T03:22:00.000,deep,510,2023-12-30
2023-12-30T03:30:30.000,light,930,2023-12-30
2023-12-30T03:46:00.000,wake,300,2023-12-30
2023-12-30T03:51:00.000,light,660,2023-12-30
2023-12-30T04:02:00.000,wake,240,2023-12-30
2023-12-30T04:06:00.000,rem,300,2023-12-30
2023-12-30T04:11:00.000,light,3060,2023-12-30
2023-12-30T05:02:00.000,rem,1740,2023-12-30
2023-12-30T05:31:00.000,light,570,2023-12-30
2023-12-30T05:40:30.000,wake,360,2023-12-30
2023-12-30T05:46:30.000,light,1560,2023-12-30
2023-12-30T06:12:30.000,wake,330,2023-12-30
2023-12-30T06:18:00.000,light,210,2023-12-30
2023-12-30T06:21:30.000,rem,840,2023-12-30
2023-12-30T06:35:30.000,wake,750,2023-12-30
2023-12-30T06:48:00.000,light,210,2023-12-30
2023-12-30T06:51:30.000,wake,540,2023-12-30
2023-12-30T07:00:30.000,light,510,2023-12-30
2023-12-30T07:09:00.000,deep,360,2023-12-30
2023-12-30T07:15:00.000,light,690,2023-12-30
2023-12-30T07:26:30.000,rem,480,2023-12-30
2023-12-30T07:34:30.000,light,450,2023-12-30
2023-12-22T23:18:30.000,wake,480,2023-12-23
2023-12-22T23:26:30.000,light,120,2023-12-23
2023-12-22T23:28:30.000,deep,3270,2023-12-23
2023-12-23T00:23:00.000,light,180,2023-12-23
2023-12-23T00:26:00.000,wake,780,2023-12-23
2023-12-23T00:39:00.000,light,450,2023-12-23
2023-12-23T00:46:30.000,deep,720,2023-12-23
2023-12-23T00:58:30.000,light,990,2023-12-23
2023-12-23T01:15:00.000,rem,1710,2023-12-23
2023-12-23T01:43:30.000,light,3180,2023-12-23
2023-12-23T02:36:30.000,deep,600,2023-12-23
2023-12-23T02:46:30.000,light,720,2023-12-23
2023-12-23T02:58:30.000,rem,1020,2023-12-23
2023-12-23T03:15:30.000,light,1710,2023-12-23
2023-12-23T03:44:00.000,deep,300,2023-12-23
2023-12-23T03:49:00.000,light,3210,2023-12-23
2023-12-23T04:42:30.000,rem,1680,2023-12-23
2023-12-23T05:10:30.000,light,4410,2023-12-23
2023-12-23T06:24:00.000,rem,960,2023-12-23
2023-12-23T06:40:00.000,wake,780,2023-12-23
2023-12-23T06:53:00.000,light,1800,2023-12-23
2023-12-23T07:23:00.000,rem,990,2023-12-23
2023-12-23T07:39:30.000,wake,750,2023-12-23
2023-12-23T07:52:00.000,light,210,2023-12-23
2023-12-23T07:55:30.000,wake,540,2023-12-23
2023-12-23T08:04:30.000,light,150,2023-12-23
2023-12-23T08:07:00.000,wake,360,2023-12-23
2023-12-23T08:13:00.000,light,1620,2023-12-23
2023-12-23T08:40:00.000,deep,960,2023-12-23
2023-12-23T08:56:00.000,light,450,2023-12-23
2023-12-23T09:03:30.000,wake,330,2023-12-23
2023-12-23T09:09:00.000,light,1140,2023-12-23
2023-12-23T09:28:00.000,rem,300,2023-12-23
2023-12-23T09:33:00.000,light,810,2023-12-23
2023-12-21T23:50:30.000,light,120,2023-12-22
2023-12-21T23:52:30.000,wake,600,2023-12-22
2023-12-22T00:02:30.000,light,390,2023-12-22
2023-12-22T00:09:00.000,deep,1380,2023-12-22
2023-12-22T00:32:00.000,light,1200,2023-12-22
2023-12-22T00:52:00.000,deep,840,2023-12-22
2023-12-22T01:06:00.000,light,1350,2023-12-22
2023-12-22T01:28:30.000,rem,1380,2023-12-22
2023-12-22T01:51:30.000,light,510,2023-12-22
2023-12-22T02:00:00.000,deep,1350,2023-12-22
2023-12-22T02:22:30.000,light,60,2023-12-22
2023-12-22T02:23:30.000,wake,210,2023-12-22
2023-12-22T02:27:00.000,light,390,2023-12-22
2023-12-22T02:33:30.000,deep,330,2023-12-22
2023-12-22T02:39:00.000,light,300,2023-12-22
2023-12-22T02:44:00.000,deep,360,2023-12-22
2023-12-22T02:50:00.000,light,360,2023-12-22
2023-12-22T02:56:00.000,wake,420,2023-12-22
2023-12-22T03:03:00.000,light,450,2023-12-22
2023-12-22T03:10:30.000,rem,1440,2023-12-22
2023-12-22T03:34:30.000,light,1290,2023-12-22
2023-12-22T03:56:00.000,wake,300,2023-12-22
2023-12-22T04:01:00.000,light,1230,2023-12-22
2023-12-22T04:21:30.000,wake,360,2023-12-22
2023-12-22T04:27:30.000,light,540,2023-12-22
2023-12-22T04:36:30.000,rem,3270,2023-12-22
2023-12-22T05:31:00.000,light,3960,2023-12-22
2023-12-22T06:37:00.000,rem,1920,2023-12-22
2023-12-22T07:09:00.000,light,2820,2023-12-22
2023-12-22T07:56:00.000,wake,360,2023-12-22
2023-12-22T08:02:00.000,light,60,2023-12-22
2023-12-22T08:03:00.000,rem,420,2023-12-22
2023-12-22T08:10:00.000,light,570,2023-12-22
2023-12-22T08:19:30.000,rem,300,2023-12-22
2023-12-22T08:24:30.000,light,510,2023-12-22
2023-12-22T08:33:00.000,wake,330,2023-12-22
2023-12-22T08:38:30.000,light,1530,2023-12-22
2023-12-22T09:04:00.000,wake,1290,2023-12-22
2023-12-21T03:45:00.000,light,720,2023-12-21
2023-12-21T03:57:00.000,deep,3030,2023-12-21
2023-12-21T04:47:30.000,light,120,2023-12-21
2023-12-21T04:49:30.000,rem,1710,2023-12-21
2023-12-21T05:18:00.000,light,4170,2023-12-21
2023-12-21T06:27:30.000,rem,1620,2023-12-21
2023-12-21T06:54:30.000,wake,360,2023-12-21
2023-12-21T07:00:30.000,light,2100,2023-12-21
2023-12-21T07:35:30.000,wake,480,2023-12-21
2023-12-21T07:43:30.000,light,1770,2023-12-21
2023-12-21T08:13:00.000,rem,990,2023-12-21
2023-12-21T08:29:30.000,wake,600,2023-12-21
2023-12-14T23:48:00.000,light,210,2023-12-15
2023-12-14T23:51:30.000,deep,1890,2023-12-15
2023-12-15T00:23:00.000,wake,300,2023-12-15
2023-12-15T00:28:00.000,light,1500,2023-12-15
2023-12-15T00:53:00.000,deep,1080,2023-12-15
2023-12-15T01:11:00.000,light,360,2023-12-15
2023-12-15T01:17:00.000,deep,1020,2023-12-15
2023-12-15T01:34:00.000,wake,450,2023-12-15
2023-12-15T01:41:30.000,light,4380,2023-12-15
2023-12-15T02:54:30.000,deep,1470,2023-12-15
2023-12-15T03:19:00.000,light,1650,2023-12-15
2023-12-15T03:46:30.000,rem,690,2023-12-15
2023-12-15T03:58:00.000,light,690,2023-12-15
2023-12-15T04:09:30.000,rem,390,2023-12-15
2023-12-15T04:16:00.000,wake,210,2023-12-15
2023-12-15T04:19:30.000,light,2400,2023-12-15
2023-12-15T04:59:30.000,rem,480,2023-12-15
2023-12-15T05:07:30.000,light,1050,2023-12-15
2023-12-15T05:25:00.000,wake,1170,2023-12-15
2023-12-15T05:44:30.000,light,30,2023-12-15
2023-12-15T05:45:00.000,rem,780,2023-12-15
2023-12-15T05:58:00.000,light,2310,2023-12-15
2023-12-15T06:36:30.000,wake,270,2023-12-15
2023-12-15T06:41:00.000,light,780,2023-12-15
2023-12-15T06:54:00.000,wake,720,2023-12-15
2023-12-15T07:06:00.000,light,960,2023-12-15
2023-12-15T07:22:00.000,rem,930,2023-12-15
2023-12-15T07:37:30.000,wake,960,2023-12-15
2023-12-15T07:53:30.000,light,2820,2023-12-15
2023-12-15T08:40:30.000,rem,330,2023-12-15
2023-12-15T08:46:00.000,light,360,2023-12-15
2023-12-15T08:52:00.000,wake,510,2023-12-15
2023-12-14T01:44:30.000,wake,30,2023-12-14
2023-12-14T01:45:00.000,light,480,2023-12-14
2023-12-14T01:53:00.000,deep,3450,2023-12-14
2023-12-14T02:50:30.000,rem,330,2023-12-14
2023-12-14T02:56:00.000,wake,270,2023-12-14
2023-12-14T03:00:30.000,light,3900,2023-12-14
2023-12-14T04:05:30.000,rem,450,2023-12-14
2023-12-14T04:13:00.000,wake,570,2023-12-14
2023-12-14T04:22:30.000,rem,1410,2023-12-14
2023-12-14T04:46:00.000,light,3840,2023-12-14
2023-12-14T05:50:00.000,rem,1830,2023-12-14
2023-12-14T06:20:30.000,light,600,2023-12-14
2023-12-14T06:30:30.000,wake,750,2023-12-14
2023-12-14T06:43:00.000,light,1680,2023-12-14
2023-12-14T07:11:00.000,rem,1650,2023-12-14
2023-12-14T07:38:30.000,light,360,2023-12-14
2023-12-09T22:50:00.000,light,210,2023-12-10
2023-12-09T22:53:30.000,deep,3390,2023-12-10
2023-12-09T23:50:00.000,light,150,2023-12-10
2023-12-09T23:52:30.000,wake,510,2023-12-10
2023-12-10T00:01:00.000,light,3000,2023-12-10
2023-12-10T00:51:00.000,deep,450,2023-12-10
2023-12-10T00:58:30.000,light,90,2023-12-10
2023-12-10T01:00:00.000,rem,1320,2023-12-10
2023-12-10T01:22:00.000,light,660,2023-12-10
2023-12-10T01:33:00.000,wake,1230,2023-12-10
2023-12-10T01:53:30.000,light,690,2023-12-10
2023-12-10T02:05:00.000,deep,750,2023-12-10
2023-12-10T02:17:30.000,wake,450,2023-12-10
2023-12-10T02:25:00.000,light,240,2023-12-10
2023-12-10T02:29:00.000,rem,1740,2023-12-10
2023-12-10T02:58:00.000,light,1020,2023-12-10
2023-12-10T03:15:00.000,deep,270,2023-12-10
2023-12-10T03:19:30.000,light,3030,2023-12-10
2023-12-10T04:10:00.000,wake,510,2023-12-10
2023-12-10T04:18:30.000,rem,1470,2023-12-10
2023-12-10T04:43:00.000,wake,1470,2023-12-10
2023-12-10T05:07:30.000,light,2370,2023-12-10
2023-12-10T05:47:00.000,rem,2700,2023-12-10
2023-12-10T06:32:00.000,light,1980,2023-12-10
2023-12-10T07:05:00.000,wake,270,2023-12-10
2023-12-10T07:09:30.000,light,510,2023-12-10
2023-12-10T07:18:00.000,wake,270,2023-12-10
2023-12-10T07:22:30.000,light,240,2023-12-10
2023-12-10T07:26:30.000,rem,1080,2023-12-10
2023-12-08T01:15:30.000,wake,570,2023-12-08
2023-12-08T01:25:00.000,light,360,2023-12-08
2023-12-08T01:31:00.000,deep,1590,2023-12-08
2023-12-08T01:57:30.000,wake,600,2023-12-08
2023-12-08T02:07:30.000,light,870,2023-12-08
2023-12-08T02:22:00.000,deep,2130,2023-12-08
2023-12-08T02:57:30.000,light,840,2023-12-08
2023-12-08T03:11:30.000,rem,1710,2023-12-08
2023-12-08T03:40:00.000,light,1710,2023-12-08
2023-12-08T04:08:30.000,deep,420,2023-12-08
2023-12-08T04:15:30.000,light,60,2023-12-08
2023-12-08T04:16:30.000,rem,300,2023-12-08
2023-12-08T04:21:30.000,light,2130,2023-12-08
2023-12-08T04:57:00.000,rem,270,2023-12-08
2023-12-08T05:01:30.000,light,660,2023-12-08
2023-12-08T05:12:30.000,rem,330,2023-12-08
2023-12-08T05:18:00.000,light,3390,2023-12-08
2023-12-08T06:14:30.000,rem,1680,2023-12-08
2023-12-08T06:42:30.000,light,2670,2023-12-08
2023-12-08T07:27:00.000,rem,330,2023-12-08
2023-12-08T07:32:30.000,light,150,2023-12-08
2023-12-08T07:35:00.000,rem,990,2023-12-08
2023-12-08T07:51:30.000,light,330,2023-12-08
2023-12-08T07:57:00.000,wake,1020,2023-12-08
2023-12-08T08:14:00.000,light,240,2023-12-08
2023-12-08T08:18:00.000,deep,1200,2023-12-08
2023-12-08T08:38:00.000,wake,690,2023-12-08
2023-12-08T08:49:30.000,light,180,2023-12-08
2023-12-08T08:52:30.000,rem,750,2023-12-08
2023-12-04T23:45:00.000,wake,570,2023-12-05
2023-12-04T23:54:30.000,light,1200,2023-12-05
2023-12-05T00:14:30.000,deep,420,2023-12-05
2023-12-05T00:21:30.000,light,1230,2023-12-05
2023-12-05T00:42:00.000,rem,390,2023-12-05
2023-12-05T00:48:30.000,light,2790,2023-12-05
2023-12-05T01:35:00.000,deep,1590,2023-12-05
2023-12-05T02:01:30.000,rem,1530,2023-12-05
2023-12-05T02:27:00.000,light,450,2023-12-05
2023-12-05T02:34:30.000,deep,1530,2023-12-05
2023-12-05T03:00:00.000,light,2550,2023-12-05
2023-12-05T03:42:30.000,rem,840,2023-12-05
2023-12-05T03:56:30.000,wake,630,2023-12-05
2023-12-05T04:07:00.000,rem,1200,2023-12-05
2023-12-05T04:27:00.000,light,3480,2023-12-05
2023-12-05T05:25:00.000,wake,570,2023-12-05
2023-12-04T02:59:30.000,wake,30,2023-12-04
2023-12-04T03:00:00.000,light,630,2023-12-04
2023-12-04T03:10:30.000,deep,2370,2023-12-04
2023-12-04T03:50:00.000,rem,960,2023-12-04
2023-12-04T04:06:00.000,light,3930,2023-12-04
2023-12-04T05:11:30.000,rem,1650,2023-12-04
2023-12-04T05:39:00.000,light,2580,2023-12-04
2023-12-04T06:22:00.000,rem,2610,2023-12-04
2023-12-04T07:05:30.000,light,900,2023-12-04
2023-12-04T07:20:30.000,deep,510,2023-12-04
2023-12-04T07:29:00.000,wake,390,2023-12-04
2023-12-04T07:35:30.000,light,150,2023-12-04
2023-12-04T07:38:00.000,wake,390,2023-12-04
2023-12-04T07:44:30.000,light,1950,2023-12-04
2023-12-04T08:17:00.000,rem,1200,2023-12-04
2023-12-04T08:37:00.000,light,1740,2023-12-04
2023-12-04T09:06:00.000,deep,300,2023-12-04
2023-12-04T09:11:00.000,light,90,2023-12-04
2023-12-04T09:12:30.000,wake,630,2023-12-04
2023-12-04T09:23:00.000,light,1050,2023-12-04
2023-12-04T09:40:30.000,wake,1620,2023-12-04
2023-12-04T10:07:30.000,light,450,2023-12-04
2023-12-04T10:15:00.000,wake,360,2023-12-04
2023-12-03T04:00:30.000,wake,30,2023-12-03
2023-12-03T04:01:00.000,light,1290,2023-12-03
2023-12-03T04:22:30.000,deep,1710,2023-12-03
2023-12-03T04:51:00.000,rem,2040,2023-12-03
2023-12-03T05:25:00.000,light,900,2023-12-03
2023-12-03T05:40:00.000,deep,1140,2023-12-03
2023-12-03T05:59:00.000,light,1050,2023-12-03
2023-12-03T06:16:30.000,deep,300,2023-12-03
2023-12-03T06:21:30.000,wake,420,2023-12-03
2023-12-03T06:28:30.000,light,90,2023-12-03
2023-12-03T06:30:00.000,rem,1650,2023-12-03
2023-12-03T06:57:30.000,light,600,2023-12-03
2023-12-03T07:07:30.000,wake,330,2023-12-03
2023-12-03T07:13:00.000,light,1320,2023-12-03
2023-12-03T07:35:00.000,rem,300,2023-12-03
2023-12-03T07:40:00.000,light,1530,2023-12-03
2023-12-03T08:05:30.000,wake,660,2023-12-03
2023-12-03T08:16:30.000,light,540,2023-12-03
2023-12-03T08:25:30.000,deep,630,2023-12-03
2023-12-03T08:36:00.000,light,30,2023-12-03
2023-12-03T08:36:30.000,wake,390,2023-12-03
2023-12-03T08:43:00.000,light,210,2023-12-03
2023-12-03T08:46:30.000,wake,480,2023-12-03
2023-12-02T00:49:00.000,wake,240,2023-12-02
2023-12-02T00:53:00.000,light,420,2023-12-02
2023-12-02T01:00:00.000,deep,1620,2023-12-02
2023-12-02T01:27:00.000,light,1050,2023-12-02
2023-12-02T01:44:30.000,rem,1680,2023-12-02
2023-12-02T02:12:30.000,light,1080,2023-12-02
2023-12-02T02:30:30.000,deep,330,2023-12-02
2023-12-02T02:36:00.000,light,810,2023-12-02
2023-12-02T02:49:30.000,deep,390,2023-12-02
2023-12-02T02:56:00.000,light,900,2023-12-02
2023-12-02T03:11:00.000,rem,1380,2023-12-02
2023-12-02T03:34:00.000,light,2130,2023-12-02
2023-12-02T04:09:30.000,wake,270,2023-12-02
2023-12-02T04:14:00.000,light,960,2023-12-02
2023-12-02T04:30:00.000,rem,1470,2023-12-02
2023-12-02T04:54:30.000,light,3810,2023-12-02
2023-12-02T05:58:00.000,rem,1050,2023-12-02
2023-12-02T06:15:30.000,light,1380,2023-12-02
2023-12-02T06:38:30.000,wake,540,2023-12-02
2023-12-02T06:47:30.000,deep,420,2023-12-02
2023-12-02T06:54:30.000,light,810,2023-12-02
2023-12-02T07:08:00.000,wake,390,2023-12-02
2023-12-02T07:14:30.000,light,420,2023-12-02
2023-12-02T07:21:30.000,wake,1080,2023-12-02
2023-12-01T01:32:00.000,wake,360,2023-12-01
2023-12-01T01:38:00.000,light,2310,2023-12-01
2023-12-01T02:16:30.000,wake,210,2023-12-01
2023-12-01T02:20:00.000,light,660,2023-12-01
2023-12-01T02:31:00.000,deep,1050,2023-12-01
2023-12-01T02:48:30.000,rem,1350,2023-12-01
2023-12-01T03:11:00.000,light,1110,2023-12-01
2023-12-01T03:29:30.000,deep,900,2023-12-01
2023-12-01T03:44:30.000,light,510,2023-12-01
2023-12-01T03:53:00.000,deep,360,2023-12-01
2023-12-01T03:59:00.000,light,120,2023-12-01
2023-12-01T04:01:00.000,rem,660,2023-12-01
2023-12-01T04:12:00.000,light,870,2023-12-01
2023-12-01T04:26:30.000,wake,210,2023-12-01
2023-12-01T04:30:00.000,rem,1290,2023-12-01
2023-12-01T04:51:30.000,light,1740,2023-12-01
2023-12-01T05:20:30.000,wake,390,2023-12-01
2023-12-01T05:27:00.000,light,2430,2023-12-01
2023-12-01T06:07:30.000,wake,990,2023-12-01
2023-12-01T06:24:00.000,light,510,2023-12-01
2023-12-01T06:32:30.000,wake,210,2023-12-01
2023-11-30T00:11:30.000,wake,150,2023-11-30
2023-11-30T00:14:00.000,light,30,2023-11-30
2023-11-30T00:14:30.000,deep,1830,2023-11-30
2023-11-30T00:45:00.000,rem,1650,2023-11-30
2023-11-30T01:12:30.000,light,330,2023-11-30
2023-11-30T01:18:00.000,rem,660,2023-11-30
2023-11-30T01:29:00.000,light,330,2023-11-30
2023-11-30T01:34:30.000,deep,2520,2023-11-30
2023-11-30T02:16:30.000,light,210,2023-11-30
2023-11-30T02:20:00.000,rem,270,2023-11-30
2023-11-30T02:24:30.000,light,900,2023-11-30
2023-11-30T02:39:30.000,rem,1920,2023-11-30
2023-11-30T03:11:30.000,light,4290,2023-11-30
2023-11-30T04:23:00.000,rem,450,2023-11-30
2023-11-30T04:30:30.000,light,810,2023-11-30
2023-11-30T04:44:00.000,wake,480,2023-11-30
2023-11-30T04:52:00.000,light,4050,2023-11-30
2023-11-30T05:59:30.000,rem,1350,2023-11-30
2023-11-30T06:22:00.000,light,2130,2023-11-30
2023-11-30T06:57:30.000,wake,210,2023-11-30
2023-11-30T07:01:00.000,light,1680,2023-11-30
2023-11-30T07:29:00.000,rem,360,2023-11-30
2023-11-30T07:35:00.000,wake,510,2023-11-30
2023-11-28T22:54:00.000,wake,240,2023-11-29
2023-11-28T22:58:00.000,light,540,2023-11-29
2023-11-28T23:07:00.000,deep,2190,2023-11-29
2023-11-28T23:43:30.000,wake,300,2023-11-29
2023-11-28T23:48:30.000,rem,330,2023-11-29
2023-11-28T23:54:00.000,light,1320,2023-11-29
2023-11-29T00:16:00.000,wake,210,2023-11-29
2023-11-29T00:19:30.000,light,2820,2023-11-29
2023-11-29T01:06:30.000,rem,1950,2023-11-29
2023-11-29T01:39:00.000,light,3690,2023-11-29
2023-11-29T02:40:30.000,rem,2550,2023-11-29
2023-11-29T03:23:00.000,light,570,2023-11-29
2023-11-29T03:32:30.000,wake,390,2023-11-29
2023-11-29T03:39:00.000,light,2700,2023-11-29
2023-11-29T04:24:00.000,wake,420,2023-11-29
2023-11-29T04:31:00.000,light,2430,2023-11-29
2023-11-29T05:11:30.000,wake,870,2023-11-29
2023-11-29T05:26:00.000,rem,1530,2023-11-29
2023-11-29T05:51:30.000,light,240,2023-11-29
2023-11-29T05:55:30.000,wake,570,2023-11-29
2023-11-29T06:05:00.000,light,1200,2023-11-29
2023-11-29T06:25:00.000,deep,660,2023-11-29
2023-11-29T06:36:00.000,light,30,2023-11-29
2023-11-29T06:36:30.000,wake,210,2023-11-29
2023-11-29T06:40:00.000,light,1230,2023-11-29
2023-11-26T23:51:00.000,wake,240,2023-11-27
2023-11-26T23:55:00.000,light,180,2023-11-27
2023-11-26T23:58:00.000,deep,2070,2023-11-27
2023-11-27T00:32:30.000,light,420,2023-11-27
2023-11-27T00:39:30.000,rem,330,2023-11-27
2023-11-27T00:45:00.000,light,60,2023-11-27
2023-11-27T00:46:00.000,rem,270,2023-11-27
2023-11-27T00:50:30.000,light,570,2023-11-27
2023-11-27T01:00:00.000,deep,2670,2023-11-27
2023-11-27T01:44:30.000,light,540,2023-11-27
2023-11-27T01:53:30.000,rem,1320,2023-11-27
2023-11-27T02:15:30.000,light,4200,2023-11-27
2023-11-27T03:25:30.000,rem,450,2023-11-27
2023-11-27T03:33:00.000,light,630,2023-11-27
2023-11-27T03:43:30.000,rem,270,2023-11-27
2023-11-27T03:48:00.000,light,3480,2023-11-27
2023-11-27T04:46:00.000,rem,1980,2023-11-27
2023-11-27T05:19:00.000,light,2760,2023-11-27
2023-11-27T06:05:00.000,wake,630,2023-11-27
2023-11-27T06:15:30.000,light,1170,2023-11-27
2023-11-27T06:35:00.000,rem,1050,2023-11-27
2023-11-27T06:52:30.000,wake,360,2023-11-27
2023-11-25T23:37:30.000,wake,30,2023-11-26
2023-11-25T23:38:00.000,light,510,2023-11-26
2023-11-25T23:46:30.000,deep,2940,2023-11-26
2023-11-26T00:35:30.000,wake,300,2023-11-26
2023-11-26T00:40:30.000,light,30,2023-11-26
2023-11-26T00:41:00.000,rem,450,2023-11-26
2023-11-26T00:48:30.000,light,3840,2023-11-26
2023-11-26T01:52:30.000,deep,270,2023-11-26
2023-11-26T01:57:00.000,light,630,2023-11-26
2023-11-26T02:07:30.000,rem,1530,2023-11-26
2023-11-26T02:33:00.000,light,330,2023-11-26
2023-11-26T02:38:30.000,rem,420,2023-11-26
2023-11-26T02:45:30.000,wake,510,2023-11-26
2023-11-26T02:54:00.000,light,5520,2023-11-26
2023-11-26T04:26:00.000,rem,2430,2023-11-26
2023-11-26T05:06:30.000,light,1980,2023-11-26
2023-11-26T05:39:30.000,wake,360,2023-11-26
2023-11-26T05:45:30.000,light,810,2023-11-26
2023-11-26T05:59:00.000,wake,300,2023-11-26
2023-11-26T06:04:00.000,light,1020,2023-11-26
2023-11-26T06:21:00.000,rem,300,2023-11-26
2023-11-26T06:26:00.000,light,90,2023-11-26
2023-11-26T06:27:30.000,wake,630,2023-11-26
2023-11-26T06:38:00.000,rem,270,2023-11-26
2023-11-26T06:42:30.000,light,2160,2023-11-26
2023-11-26T07:18:30.000,wake,1050,2023-11-26
2023-11-26T07:36:00.000,light,1230,2023-11-26
2023-11-26T07:56:30.000,wake,450,2023-11-26
2023-11-26T08:04:00.000,light,1230,2023-11-26
2023-11-26T08:24:30.000,wake,480,2023-11-26
2023-11-25T00:36:30.000,wake,480,2023-11-25
2023-11-25T00:44:30.000,light,1020,2023-11-25
2023-11-25T01:01:30.000,deep,2430,2023-11-25
2023-11-25T01:42:00.000,light,960,2023-11-25
2023-11-25T01:58:00.000,rem,960,2023-11-25
2023-11-25T02:14:00.000,light,1410,2023-11-25
2023-11-25T02:37:30.000,deep,330,2023-11-25
2023-11-25T02:43:00.000,light,540,2023-11-25
2023-11-25T02:52:00.000,rem,270,2023-11-25
2023-11-25T02:56:30.000,light,1500,2023-11-25
2023-11-25T03:21:30.000,rem,3030,2023-11-25
2023-11-25T04:12:00.000,light,570,2023-11-25
2023-11-25T04:21:30.000,deep,330,2023-11-25
2023-11-25T04:27:00.000,light,630,2023-11-25
2023-11-25T04:37:30.000,deep,840,2023-11-25
2023-11-25T04:51:30.000,light,2280,2023-11-25
2023-11-25T05:29:30.000,rem,330,2023-11-25
2023-11-25T05:35:00.000,light,3180,2023-11-25
2023-11-25T06:28:00.000,wake,420,2023-11-25
2023-11-25T06:35:00.000,light,120,2023-11-25
2023-11-25T06:37:00.000,rem,330,2023-11-25
2023-11-25T06:42:30.000,light,570,2023-11-25
2023-11-25T06:52:00.000,wake,540,2023-11-25
2023-11-25T07:01:00.000,light,150,2023-11-25
2023-11-25T07:03:30.000,wake,390,2023-11-25
2023-11-25T07:10:00.000,light,360,2023-11-25
2023-11-25T07:16:00.000,wake,1470,2023-11-25
2023-11-23T23:43:00.000,light,150,2023-11-24
2023-11-23T23:45:30.000,wake,810,2023-11-24
2023-11-23T23:59:00.000,light,2100,2023-11-24
2023-11-24T00:34:00.000,deep,900,2023-11-24
2023-11-24T00:49:00.000,light,330,2023-11-24
2023-11-24T00:54:30.000,rem,840,2023-11-24
2023-11-24T01:08:30.000,light,300,2023-11-24
2023-11-24T01:13:30.000,deep,1890,2023-11-24
2023-11-24T01:45:00.000,light,1320,2023-11-24
2023-11-24T02:07:00.000,deep,660,2023-11-24
2023-11-24T02:18:00.000,light,180,2023-11-24
2023-11-24T02:21:00.000,rem,330,2023-11-24
2023-11-24T02:26:30.000,wake,840,2023-11-24
2023-11-24T02:40:30.000,light,4080,2023-11-24
2023-11-24T03:48:30.000,rem,2100,2023-11-24
2023-11-24T04:23:30.000,light,1770,2023-11-24
2023-11-24T04:53:00.000,deep,870,2023-11-24
2023-11-24T05:07:30.000,light,1050,2023-11-24
2023-11-24T05:25:00.000,rem,1530,2023-11-24
2023-11-24T05:50:30.000,light,2370,2023-11-24
2023-11-24T06:30:00.000,wake,210,2023-11-24
2023-11-24T06:33:30.000,light,1920,2023-11-24
2023-11-24T07:05:30.000,rem,1500,2023-11-24
2023-11-24T07:30:30.000,light,30,2023-11-24
2023-11-24T07:31:00.000,wake,600,2023-11-24
2023-11-24T07:41:00.000,light,3210,2023-11-24
2023-11-24T08:34:30.000,wake,450,2023-11-24
2023-11-24T08:42:00.000,light,840,2023-11-24
2023-11-24T08:56:00.000,rem,240,2023-11-24
2023-11-23T00:11:00.000,wake,30,2023-11-23
2023-11-23T00:11:30.000,light,750,2023-11-23
2023-11-23T00:24:00.000,deep,2250,2023-11-23
2023-11-23T01:01:30.000,light,330,2023-11-23
2023-11-23T01:07:00.000,rem,780,2023-11-23
2023-11-23T01:20:00.000,light,360,2023-11-23
2023-11-23T01:26:00.000,rem,1140,2023-11-23
2023-11-23T01:45:00.000,light,750,2023-11-23
2023-11-23T01:57:30.000,deep,1140,2023-11-23
2023-11-23T02:16:30.000,light,210,2023-11-23
2023-11-23T02:20:00.000,rem,1470,2023-11-23
2023-11-23T02:44:30.000,light,1920,2023-11-23
2023-11-23T03:16:30.000,deep,360,2023-11-23
2023-11-23T03:22:30.000,light,1770,2023-11-23
2023-11-23T03:52:00.000,wake,270,2023-11-23
2023-11-23T03:56:30.000,light,4500,2023-11-23
2023-11-23T05:11:30.000,rem,1920,2023-11-23
2023-11-23T05:43:30.000,light,2280,2023-11-23
2023-11-23T06:21:30.000,wake,330,2023-11-23
2023-11-21T22:56:30.000,wake,990,2023-11-22
2023-11-21T23:13:00.000,light,60,2023-11-22
2023-11-21T23:14:00.000,deep,840,2023-11-22
2023-11-21T23:28:00.000,light,480,2023-11-22
2023-11-21T23:36:00.000,deep,1620,2023-11-22
2023-11-22T00:03:00.000,light,120,2023-11-22
2023-11-22T00:05:00.000,rem,510,2023-11-22
2023-11-22T00:13:30.000,light,930,2023-11-22
2023-11-22T00:29:00.000,deep,1800,2023-11-22
2023-11-22T00:59:00.000,light,960,2023-11-22
2023-11-22T01:15:00.000,rem,2280,2023-11-22
2023-11-22T01:53:00.000,light,1050,2023-11-22
2023-11-22T02:10:30.000,deep,1980,2023-11-22
2023-11-22T02:43:30.000,light,2760,2023-11-22
2023-11-22T03:29:30.000,wake,540,2023-11-22
2023-11-22T03:38:30.000,light,3720,2023-11-22
2023-11-22T04:40:30.000,rem,420,2023-11-22
2023-11-22T04:47:30.000,light,240,2023-11-22
2023-11-22T04:51:30.000,rem,2490,2023-11-22
2023-11-22T05:33:00.000,light,3930,2023-11-22
2023-11-21T00:21:00.000,wake,810,2023-11-21
2023-11-21T00:34:30.000,light,810,2023-11-21
2023-11-21T00:48:00.000,deep,450,2023-11-21
2023-11-21T00:55:30.000,light,1080,2023-11-21
2023-11-21T01:13:30.000,deep,2340,2023-11-21
2023-11-21T01:52:30.000,rem,1680,2023-11-21
2023-11-21T02:20:30.000,light,4020,2023-11-21
2023-11-21T03:27:30.000,rem,990,2023-11-21
2023-11-21T03:44:00.000,light,360,2023-11-21
2023-11-21T03:50:00.000,rem,270,2023-11-21
2023-11-21T03:54:30.000,light,480,2023-11-21
2023-11-21T04:02:30.000,wake,240,2023-11-21
2023-11-21T04:06:30.000,light,810,2023-11-21
2023-11-21T04:20:00.000,wake,300,2023-11-21
2023-11-21T04:25:00.000,light,1770,2023-11-21
2023-11-21T04:54:30.000,wake,840,2023-11-21
2023-11-21T05:08:30.000,rem,1980,2023-11-21
2023-11-21T05:41:30.000,light,1890,2023-11-21
2023-11-21T06:13:00.000,rem,300,2023-11-21
2023-11-21T06:18:00.000,light,1410,2023-11-21
2023-11-21T06:41:30.000,wake,330,2023-11-21
2023-11-21T06:47:00.000,light,630,2023-11-21
2023-11-21T06:57:30.000,wake,420,2023-11-21
2023-11-20T02:20:30.000,light,810,2023-11-20
2023-11-20T02:34:00.000,deep,1200,2023-11-20
2023-11-20T02:54:00.000,light,360,2023-11-20
2023-11-20T03:00:00.000,wake,360,2023-11-20
2023-11-20T03:06:00.000,light,390,2023-11-20
2023-11-20T03:12:30.000,deep,990,2023-11-20
2023-11-20T03:29:00.000,light,1200,2023-11-20
2023-11-20T03:49:00.000,deep,270,2023-11-20
2023-11-20T03:53:30.000,rem,1680,2023-11-20
2023-11-20T04:21:30.000,light,1350,2023-11-20
2023-11-20T04:44:00.000,wake,780,2023-11-20
2023-11-20T04:57:00.000,light,2220,2023-11-20
2023-11-20T05:34:00.000,wake,390,2023-11-20
2023-11-20T05:40:30.000,light,1620,2023-11-20
2023-11-20T06:07:30.000,wake,270,2023-11-20
2023-11-20T06:12:00.000,light,2130,2023-11-20
2023-11-20T06:47:30.000,wake,210,2023-11-20
2023-11-19T01:11:00.000,wake,30,2023-11-19
2023-11-19T01:11:30.000,light,3570,2023-11-19
2023-11-19T02:11:00.000,deep,1140,2023-11-19
2023-11-19T02:30:00.000,light,600,2023-11-19
2023-11-19T02:40:00.000,rem,510,2023-11-19
2023-11-19T02:48:30.000,light,1950,2023-11-19
2023-11-19T03:21:00.000,deep,1740,2023-11-19
2023-11-19T03:50:00.000,light,1230,2023-11-19
2023-11-19T04:10:30.000,wake,240,2023-11-19
2023-11-19T04:14:30.000,rem,930,2023-11-19
2023-11-19T04:30:00.000,light,1590,2023-11-19
2023-11-19T04:56:30.000,deep,330,2023-11-19
2023-11-19T05:02:00.000,light,2280,2023-11-19
2023-11-19T05:40:00.000,wake,420,2023-11-19
2023-11-19T05:47:00.000,rem,420,2023-11-19
2023-11-19T05:54:00.000,light,960,2023-11-19
2023-11-19T06:10:00.000,wake,330,2023-11-19
2023-11-19T06:15:30.000,light,1470,2023-11-19
2023-11-19T06:40:00.000,deep,270,2023-11-19
2023-11-19T06:44:30.000,wake,990,2023-11-19
2023-11-19T07:01:00.000,light,1230,2023-11-19
2023-11-19T07:21:30.000,wake,480,2023-11-19
2023-11-19T07:29:30.000,light,60,2023-11-19
2023-11-18T15:04:30.000,wake,870,2023-11-18
2023-11-18T15:19:00.000,deep,2460,2023-11-18
2023-11-18T16:00:00.000,wake,330,2023-11-18
2023-11-18T16:05:30.000,light,1860,2023-11-18
2023-11-18T16:36:30.000,deep,360,2023-11-18
2023-11-18T16:42:30.000,light,1830,2023-11-18
2023-11-18T17:13:00.000,rem,270,2023-11-18
2023-11-18T17:17:30.000,light,30,2023-11-18
2023-11-18T17:18:00.000,rem,2100,2023-11-18
2023-11-18T17:53:00.000,light,2160,2023-11-18
2023-11-18T18:29:00.000,wake,570,2023-11-18
2023-11-18T18:38:30.000,light,1890,2023-11-18
2023-11-18T19:10:00.000,rem,2190,2023-11-18
2023-11-16T23:46:30.000,wake,30,2023-11-17
2023-11-16T23:47:00.000,light,1320,2023-11-17
2023-11-17T00:09:00.000,deep,390,2023-11-17
2023-11-17T00:15:30.000,wake,300,2023-11-17
2023-11-17T00:20:30.000,light,600,2023-11-17
2023-11-17T00:30:30.000,deep,630,2023-11-17
2023-11-17T00:41:00.000,light,330,2023-11-17
2023-11-17T00:46:30.000,deep,1440,2023-11-17
2023-11-17T01:10:30.000,rem,1350,2023-11-17
2023-11-17T01:33:00.000,light,600,2023-11-17
2023-11-17T01:43:00.000,deep,930,2023-11-17
2023-11-17T01:58:30.000,wake,390,2023-11-17
2023-11-17T02:05:00.000,light,1110,2023-11-17
2023-11-17T02:23:30.000,rem,1440,2023-11-17
2023-11-17T02:47:30.000,light,3030,2023-11-17
2023-11-17T03:38:00.000,rem,2400,2023-11-17
2023-11-17T04:18:00.000,light,3000,2023-11-17
2023-11-17T05:08:00.000,wake,600,2023-11-17
2023-11-17T05:18:00.000,light,240,2023-11-17
2023-11-17T05:22:00.000,rem,1080,2023-11-17
2023-11-17T05:40:00.000,light,1140,2023-11-17
2023-11-17T05:59:00.000,wake,1200,2023-11-17
2023-11-17T06:19:00.000,light,750,2023-11-17
2023-11-17T06:31:30.000,deep,1140,2023-11-17
2023-11-17T06:50:30.000,light,960,2023-11-17
2023-11-17T07:06:30.000,wake,450,2023-11-17
2023-11-17T07:14:00.000,light,300,2023-11-17
2023-11-15T23:12:30.000,wake,750,2023-11-16
2023-11-15T23:25:00.000,light,480,2023-11-16
2023-11-15T23:33:00.000,deep,1860,2023-11-16
2023-11-16T00:04:00.000,light,990,2023-11-16
2023-11-16T00:20:30.000,rem,1410,2023-11-16
2023-11-16T00:44:00.000,light,630,2023-11-16
2023-11-16T00:54:30.000,deep,1200,2023-11-16
2023-11-16T01:14:30.000,light,1860,2023-11-16
2023-11-16T01:45:30.000,rem,1260,2023-11-16
2023-11-16T02:06:30.000,light,1110,2023-11-16
2023-11-16T02:25:00.000,deep,390,2023-11-16
2023-11-16T02:31:30.000,light,2250,2023-11-16
2023-11-16T03:09:00.000,wake,300,2023-11-16
2023-11-16T03:14:00.000,light,360,2023-11-16
2023-11-16T03:20:00.000,wake,780,2023-11-16
2023-11-16T03:33:00.000,light,120,2023-11-16
2023-11-16T03:35:00.000,rem,2550,2023-11-16
2023-11-16T04:17:30.000,light,1650,2023-11-16
2023-11-16T04:45:00.000,deep,1500,2023-11-16
2023-11-16T05:10:00.000,light,1560,2023-11-16
2023-11-16T05:36:00.000,wake,570,2023-11-16
2023-11-16T05:45:30.000,light,270,2023-11-16
2023-11-16T05:50:00.000,rem,300,2023-11-16
2023-11-16T05:55:00.000,light,240,2023-11-16
2023-11-16T05:59:00.000,wake,360,2023-11-16
2023-11-16T06:05:00.000,light,600,2023-11-16
2023-11-16T06:15:00.000,wake,210,2023-11-16
2023-11-16T06:18:30.000,light,2280,2023-11-16
2023-11-16T06:56:30.000,wake,360,2023-11-16
2023-11-16T07:02:30.000,light,150,2023-11-16
2023-11-16T07:05:00.000,wake,240,2023-11-16
2023-11-14T23:16:00.000,wake,300,2023-11-15
2023-11-14T23:21:00.000,light,210,2023-11-15
2023-11-14T23:24:30.000,deep,3150,2023-11-15
2023-11-15T00:17:00.000,wake,390,2023-11-15
2023-11-15T00:23:30.000,light,630,2023-11-15
2023-11-15T00:34:00.000,rem,420,2023-11-15
2023-11-15T00:41:00.000,light,4200,2023-11-15
2023-11-15T01:51:00.000,rem,2400,2023-11-15
2023-11-15T02:31:00.000,light,3750,2023-11-15
2023-11-15T03:33:30.000,rem,1170,2023-11-15
2023-11-15T03:53:00.000,light,3360,2023-11-15
2023-11-15T04:49:00.000,rem,1770,2023-11-15
2023-11-15T05:18:30.000,light,1830,2023-11-15
2023-11-15T05:49:00.000,wake,300,2023-11-15
2023-11-15T05:54:00.000,light,1170,2023-11-15
2023-11-15T06:13:30.000,rem,600,2023-11-15
2023-11-15T06:23:30.000,light,960,2023-11-15
2023-11-15T06:39:30.000,wake,630,2023-11-15
2023-11-15T06:50:00.000,light,300,2023-11-15
2023-11-13T21:57:30.000,wake,360,2023-11-14
2023-11-13T22:03:30.000,light,450,2023-11-14
2023-11-13T22:11:00.000,deep,1830,2023-11-14
2023-11-13T22:41:30.000,wake,330,2023-11-14
2023-11-13T22:47:00.000,light,150,2023-11-14
2023-11-13T22:49:30.000,rem,780,2023-11-14
2023-11-13T23:02:30.000,light,570,2023-11-14
2023-11-13T23:12:00.000,deep,270,2023-11-14
2023-11-13T23:16:30.000,light,1560,2023-11-14
2023-11-13T23:42:30.000,deep,660,2023-11-14
2023-11-13T23:53:30.000,wake,600,2023-11-14
2023-11-14T00:03:30.000,light,630,2023-11-14
2023-11-14T00:14:00.000,deep,900,2023-11-14
2023-11-14T00:29:00.000,rem,1710,2023-11-14
2023-11-14T00:57:30.000,light,900,2023-11-14
2023-11-14T01:12:30.000,deep,960,2023-11-14
2023-11-14T01:28:30.000,light,2610,2023-11-14
2023-11-14T02:12:00.000,rem,1830,2023-11-14
2023-11-14T02:42:30.000,light,1560,2023-11-14
2023-11-14T03:08:30.000,wake,630,2023-11-14
2023-11-14T03:19:00.000,light,1470,2023-11-14
2023-11-14T03:43:30.000,wake,240,2023-11-14
2023-11-14T03:47:30.000,light,420,2023-11-14
2023-11-14T03:54:30.000,wake,1110,2023-11-14
2023-11-14T04:13:00.000,light,240,2023-11-14
2023-11-14T04:17:00.000,rem,330,2023-11-14
2023-11-14T04:22:30.000,light,270,2023-11-14
2023-11-14T04:27:00.000,wake,780,2023-11-14
2023-11-13T01:42:30.000,wake,30,2023-11-13
2023-11-13T01:43:00.000,light,570,2023-11-13
2023-11-13T01:52:30.000,deep,2490,2023-11-13
2023-11-13T02:34:00.000,light,30,2023-11-13
2023-11-13T02:34:30.000,rem,1380,2023-11-13
2023-11-13T02:57:30.000,light,1170,2023-11-13
2023-11-13T03:17:00.000,deep,1530,2023-11-13
2023-11-13T03:42:30.000,light,1830,2023-11-13
2023-11-13T04:13:00.000,rem,330,2023-11-13
2023-11-13T04:18:30.000,wake,510,2023-11-13
2023-11-13T04:27:00.000,rem,300,2023-11-13
2023-11-13T04:32:00.000,light,2100,2023-11-13
2023-11-13T05:07:00.000,wake,420,2023-11-13
2023-11-13T05:14:00.000,rem,1140,2023-11-13
2023-11-13T05:33:00.000,light,810,2023-11-13
2023-11-13T05:46:30.000,rem,1590,2023-11-13
2023-11-13T06:13:00.000,light,2580,2023-11-13
2023-11-13T06:56:00.000,wake,390,2023-11-13
2023-11-11T00:09:30.000,wake,300,2023-11-11
2023-11-11T00:14:30.000,light,270,2023-11-11
2023-11-11T00:19:00.000,deep,1710,2023-11-11
2023-11-11T00:47:30.000,light,810,2023-11-11
2023-11-11T01:01:00.000,deep,2940,2023-11-11
2023-11-11T01:50:00.000,wake,210,2023-11-11
2023-11-11T01:53:30.000,rem,390,2023-11-11
2023-11-11T02:00:00.000,light,2610,2023-11-11
2023-11-11T02:43:30.000,wake,240,2023-11-11
2023-11-11T02:47:30.000,light,660,2023-11-11
2023-11-11T02:58:30.000,wake,1380,2023-11-11
2023-11-11T03:21:30.000,light,210,2023-11-11
2023-11-11T03:25:00.000,wake,330,2023-11-11
2023-11-11T03:30:30.000,light,3870,2023-11-11
2023-11-11T04:35:00.000,rem,3120,2023-11-11
2023-11-11T05:27:00.000,light,4440,2023-11-11
2023-11-11T06:41:00.000,rem,1140,2023-11-11
2023-11-11T07:00:00.000,wake,480,2023-11-11
2023-11-11T07:08:00.000,light,1680,2023-11-11
2023-11-11T07:36:00.000,deep,1050,2023-11-11
2023-11-11T07:53:30.000,light,3690,2023-11-11
2023-11-11T08:55:00.000,wake,630,2023-11-11
2023-11-10T00:21:00.000,wake,60,2023-11-10
2023-11-10T00:22:00.000,light,420,2023-11-10
2023-11-10T00:29:00.000,deep,2340,2023-11-10
2023-11-10T01:08:00.000,wake,390,2023-11-10
2023-11-10T01:14:30.000,rem,1020,2023-11-10
2023-11-10T01:31:30.000,light,630,2023-11-10
2023-11-10T01:42:00.000,deep,360,2023-11-10
2023-11-10T01:48:00.000,light,540,2023-11-10
2023-11-10T01:57:00.000,wake,300,2023-11-10
2023-11-10T02:02:00.000,light,210,2023-11-10
2023-11-10T02:05:30.000,deep,780,2023-11-10
2023-11-10T02:18:30.000,light,720,2023-11-10
2023-11-10T02:30:30.000,rem,720,2023-11-10
2023-11-10T02:42:30.000,light,600,2023-11-10
2023-11-10T02:52:30.000,rem,360,2023-11-10
2023-11-10T02:58:30.000,light,3450,2023-11-10
2023-11-10T03:56:00.000,rem,300,2023-11-10
2023-11-10T04:01:00.000,light,960,2023-11-10
2023-11-10T04:17:00.000,wake,300,2023-11-10
2023-11-10T04:22:00.000,light,2190,2023-11-10
2023-11-10T04:58:30.000,wake,810,2023-11-10
2023-11-10T05:12:00.000,light,30,2023-11-10
2023-11-10T05:12:30.000,rem,2160,2023-11-10
2023-11-10T05:48:30.000,light,60,2023-11-10
2023-11-10T05:49:30.000,wake,510,2023-11-10
2023-11-10T05:58:00.000,light,1470,2023-11-10
2023-11-10T06:22:30.000,wake,450,2023-11-10
2023-11-10T06:30:00.000,light,1170,2023-11-10
2023-11-10T06:49:30.000,wake,720,2023-11-10
2023-11-09T01:29:00.000,wake,30,2023-11-09
2023-11-09T01:29:30.000,light,240,2023-11-09
2023-11-09T01:33:30.000,deep,2520,2023-11-09
2023-11-09T02:15:30.000,light,1470,2023-11-09
2023-11-09T02:40:00.000,deep,750,2023-11-09
2023-11-09T02:52:30.000,light,1860,2023-11-09
2023-11-09T03:23:30.000,rem,300,2023-11-09
2023-11-09T03:28:30.000,light,300,2023-11-09
2023-11-09T03:33:30.000,wake,240,2023-11-09
2023-11-09T03:37:30.000,light,90,2023-11-09
2023-11-09T03:39:00.000,rem,1110,2023-11-09
2023-11-09T03:57:30.000,light,270,2023-11-09
2023-11-09T04:02:00.000,deep,540,2023-11-09
2023-11-09T04:11:00.000,light,2280,2023-11-09
2023-11-09T04:49:00.000,rem,3420,2023-11-09
2023-11-09T05:46:00.000,light,1710,2023-11-09
2023-11-09T06:14:30.000,wake,240,2023-11-09
2023-11-09T06:18:30.000,light,1470,2023-11-09
2023-11-09T06:43:00.000,wake,480,2023-11-09
2023-11-09T06:51:00.000,light,30,2023-11-09
2023-11-09T06:51:30.000,rem,1650,2023-11-09
2023-11-09T07:19:00.000,light,1800,2023-11-09
2023-11-09T07:49:00.000,wake,450,2023-11-09
2023-11-09T07:56:30.000,light,1290,2023-11-09
2023-11-09T08:18:00.000,wake,420,2023-11-09
2023-11-09T08:25:00.000,light,60,2023-11-09
2023-11-09T08:26:00.000,rem,900,2023-11-09
2023-11-09T08:41:00.000,wake,660,2023-11-09
2023-11-08T00:36:00.000,wake,720,2023-11-08
2023-11-08T00:48:00.000,light,1230,2023-11-08
2023-11-08T01:08:30.000,deep,1980,2023-11-08
2023-11-08T01:41:30.000,light,240,2023-11-08
2023-11-08T01:45:30.000,rem,480,2023-11-08
2023-11-08T01:53:30.000,light,1140,2023-11-08
2023-11-08T02:12:30.000,deep,360,2023-11-08
2023-11-08T02:18:30.000,light,3270,2023-11-08
2023-11-08T03:13:00.000,rem,1920,2023-11-08
2023-11-08T03:45:00.000,light,1620,2023-11-08
2023-11-08T04:12:00.000,deep,900,2023-11-08
2023-11-08T04:27:00.000,light,1380,2023-11-08
2023-11-08T04:50:00.000,rem,2040,2023-11-08
2023-11-08T05:24:00.000,light,1590,2023-11-08
2023-11-08T05:50:30.000,wake,600,2023-11-08
2023-11-08T06:00:30.000,light,930,2023-11-08
2023-11-08T06:16:00.000,wake,1050,2023-11-08
2023-11-08T06:33:30.000,rem,450,2023-11-08
2023-11-06T23:30:30.000,wake,510,2023-11-07
2023-11-06T23:39:00.000,light,300,2023-11-07
2023-11-06T23:44:00.000,deep,3330,2023-11-07
2023-11-07T00:39:30.000,rem,1140,2023-11-07
2023-11-07T00:58:30.000,light,1710,2023-11-07
2023-11-07T01:27:00.000,wake,240,2023-11-07
2023-11-07T01:31:00.000,light,1680,2023-11-07
2023-11-07T01:59:00.000,rem,1020,2023-11-07
2023-11-07T02:16:00.000,light,720,2023-11-07
2023-11-07T02:28:00.000,deep,1080,2023-11-07
2023-11-07T02:46:00.000,light,2190,2023-11-07
2023-11-07T03:22:30.000,rem,2700,2023-11-07
2023-11-07T04:07:30.000,light,750,2023-11-07
2023-11-07T04:20:00.000,rem,600,2023-11-07
2023-11-07T04:30:00.000,light,330,2023-11-07
2023-11-07T04:35:30.000,wake,270,2023-11-07
2023-11-07T04:40:00.000,light,840,2023-11-07
2023-11-07T04:54:00.000,wake,210,2023-11-07
2023-11-07T04:57:30.000,light,630,2023-11-07
2023-11-07T05:08:00.000,rem,390,2023-11-07
2023-11-07T05:14:30.000,light,1590,2023-11-07
2023-11-07T05:41:00.000,deep,630,2023-11-07
2023-11-07T05:51:30.000,light,2100,2023-11-07
2023-11-07T06:26:30.000,rem,2340,2023-11-07
2023-11-07T07:05:30.000,light,2970,2023-11-07
2023-11-07T07:55:00.000,wake,300,2023-11-07
2023-11-07T08:00:00.000,light,1050,2023-11-07
2023-11-07T08:17:30.000,wake,390,2023-11-07
2023-11-07T08:24:00.000,rem,780,2023-11-07
2023-11-05T23:47:00.000,wake,540,2023-11-06
2023-11-05T23:56:00.000,light,2880,2023-11-06
2023-11-06T00:44:00.000,deep,1680,2023-11-06
2023-11-06T01:12:00.000,rem,1590,2023-11-06
2023-11-06T01:38:30.000,light,870,2023-11-06
2023-11-06T01:53:00.000,deep,510,2023-11-06
2023-11-06T02:01:30.000,light,1740,2023-11-06
2023-11-06T02:30:30.000,rem,2190,2023-11-06
2023-11-06T03:07:00.000,light,2910,2023-11-06
2023-11-06T03:55:30.000,deep,420,2023-11-06
2023-11-06T04:02:30.000,light,630,2023-11-06
2023-11-06T04:13:00.000,rem,2220,2023-11-06
2023-11-06T04:50:00.000,light,2520,2023-11-06
2023-11-06T05:32:00.000,wake,330,2023-11-06
2023-11-06T05:37:30.000,rem,1710,2023-11-06
2023-11-06T06:06:00.000,wake,300,2023-11-06
2023-11-06T06:11:00.000,light,1050,2023-11-06
2023-11-06T06:28:30.000,deep,360,2023-11-06
2023-11-06T06:34:30.000,light,240,2023-11-06
2023-11-06T06:38:30.000,wake,600,2023-11-06
2023-11-04T23:52:30.000,wake,240,2023-11-05
2023-11-04T23:56:30.000,light,630,2023-11-05
2023-11-05T00:07:00.000,deep,1950,2023-11-05
2023-11-05T00:39:30.000,light,300,2023-11-05
2023-11-05T00:44:30.000,rem,870,2023-11-05
2023-11-05T00:59:00.000,light,240,2023-11-05
2023-11-05T01:03:00.000,deep,2040,2023-11-05
2023-11-05T01:37:00.000,wake,510,2023-11-05
2023-11-05T01:45:30.000,light,1530,2023-11-05
2023-11-05T02:11:00.000,rem,2040,2023-11-05
2023-11-05T02:45:00.000,light,450,2023-11-05
2023-11-05T02:52:30.000,deep,1110,2023-11-05
2023-11-05T03:11:00.000,light,2100,2023-11-05
2023-11-05T03:46:00.000,wake,210,2023-11-05
2023-11-05T03:49:30.000,light,2400,2023-11-05
2023-11-05T04:29:30.000,rem,1530,2023-11-05
2023-11-05T04:55:00.000,light,2580,2023-11-05
2023-11-05T05:38:00.000,rem,270,2023-11-05
2023-11-05T05:42:30.000,light,1080,2023-11-05
2023-11-05T06:00:30.000,rem,1350,2023-11-05
2023-11-05T06:23:00.000,wake,780,2023-11-05
2023-11-05T06:36:00.000,light,2220,2023-11-05
2023-11-05T07:13:00.000,wake,360,2023-11-05
2023-11-05T07:19:00.000,light,600,2023-11-05
2023-11-05T07:29:00.000,rem,1320,2023-11-05
2023-11-05T07:51:00.000,light,630,2023-11-05
2023-11-05T08:01:30.000,wake,930,2023-11-05
2023-11-05T08:17:00.000,light,2820,2023-11-05
2023-11-05T09:04:00.000,wake,480,2023-11-05
2023-11-05T09:12:00.000,light,720,2023-11-05
2023-11-05T09:24:00.000,wake,930,2023-11-05
2023-11-05T09:39:30.000,deep,120,2023-11-05
2023-11-03T23:45:30.000,wake,240,2023-11-04
2023-11-03T23:49:30.000,light,450,2023-11-04
2023-11-03T23:57:00.000,deep,2160,2023-11-04
2023-11-04T00:33:00.000,light,270,2023-11-04
2023-11-04T00:37:30.000,rem,1200,2023-11-04
2023-11-04T00:57:30.000,light,2820,2023-11-04
2023-11-04T01:44:30.000,wake,360,2023-11-04
2023-11-04T01:50:30.000,light,1590,2023-11-04
2023-11-04T02:17:00.000,deep,390,2023-11-04
2023-11-04T02:23:30.000,rem,1740,2023-11-04
2023-11-04T02:52:30.000,wake,270,2023-11-04
2023-11-04T02:57:00.000,light,930,2023-11-04
2023-11-04T03:12:30.000,deep,960,2023-11-04
2023-11-04T03:28:30.000,light,3840,2023-11-04
2023-11-04T04:32:30.000,wake,900,2023-11-04
2023-11-04T04:47:30.000,light,1230,2023-11-04
2023-11-04T05:08:00.000,deep,300,2023-11-04
2023-11-04T05:13:00.000,light,60,2023-11-04
2023-11-04T05:14:00.000,wake,240,2023-11-04
2023-11-04T05:18:00.000,light,1440,2023-11-04
2023-11-04T05:42:00.000,rem,2400,2023-11-04
2023-11-04T06:22:00.000,light,2280,2023-11-04
2023-11-04T07:00:00.000,wake,630,2023-11-04
2023-11-04T07:10:30.000,rem,270,2023-11-04
2023-11-04T07:15:00.000,wake,510,2023-11-04
2023-11-02T23:24:00.000,wake,570,2023-11-03
2023-11-02T23:33:30.000,light,870,2023-11-03
2023-11-02T23:48:00.000,deep,1920,2023-11-03
2023-11-03T00:20:00.000,light,360,2023-11-03
2023-11-03T00:26:00.000,rem,870,2023-11-03
2023-11-03T00:40:30.000,light,1140,2023-11-03
2023-11-03T00:59:30.000,deep,1140,2023-11-03
2023-11-03T01:18:30.000,light,2370,2023-11-03
2023-11-03T01:58:00.000,rem,1530,2023-11-03
2023-11-03T02:23:30.000,light,780,2023-11-03
2023-11-03T02:36:30.000,deep,840,2023-11-03
2023-11-03T02:50:30.000,light,810,2023-11-03
2023-11-03T03:04:00.000,deep,870,2023-11-03
2023-11-03T03:18:30.000,light,750,2023-11-03
2023-11-03T03:31:00.000,rem,1380,2023-11-03
2023-11-03T03:54:00.000,light,1410,2023-11-03
2023-11-03T04:17:30.000,wake,240,2023-11-03
2023-11-03T04:21:30.000,light,2370,2023-11-03
2023-11-03T05:01:00.000,wake,900,2023-11-03
2023-11-03T05:16:00.000,rem,1890,2023-11-03
2023-11-03T05:47:30.000,light,1200,2023-11-03
2023-11-03T06:07:30.000,deep,480,2023-11-03
2023-11-03T06:15:30.000,wake,210,2023-11-03
2023-11-03T06:19:00.000,light,1620,2023-11-03
2023-11-03T06:46:00.000,rem,1590,2023-11-03
2023-11-03T07:12:30.000,wake,2010,2023-11-03
2023-11-03T07:46:00.000,light,3000,2023-11-03
2023-11-03T08:36:00.000,rem,1410,2023-11-03
2023-11-03T08:59:30.000,light,2310,2023-11-03
2023-11-02T00:18:00.000,wake,30,2023-11-02
2023-11-02T00:18:30.000,light,870,2023-11-02
2023-11-02T00:33:00.000,deep,600,2023-11-02
2023-11-02T00:43:00.000,light,780,2023-11-02
2023-11-02T00:56:00.000,deep,300,2023-11-02
2023-11-02T01:01:00.000,light,1650,2023-11-02
2023-11-02T01:28:30.000,rem,300,2023-11-02
2023-11-02T01:33:30.000,light,4110,2023-11-02
2023-11-02T02:42:00.000,rem,2220,2023-11-02
2023-11-02T03:19:00.000,light,660,2023-11-02
2023-11-02T03:30:00.000,deep,2820,2023-11-02
2023-11-02T04:17:00.000,wake,300,2023-11-02
2023-11-02T04:22:00.000,light,1830,2023-11-02
2023-11-02T04:52:30.000,deep,360,2023-11-02
2023-11-02T04:58:30.000,light,1350,2023-11-02
2023-11-02T05:21:00.000,rem,1560,2023-11-02
2023-11-02T05:47:00.000,wake,450,2023-11-02
2023-11-02T05:54:30.000,light,3300,2023-11-02
2023-11-02T06:49:30.000,wake,240,2023-11-02
2023-11-02T06:53:30.000,light,960,2023-11-02
2023-11-02T07:09:30.000,wake,840,2023-11-02
2023-10-31T23:42:30.000,wake,30,2023-11-01
2023-10-31T23:43:00.000,light,450,2023-11-01
2023-10-31T23:50:30.000,deep,1650,2023-11-01
2023-11-01T00:18:00.000,light,720,2023-11-01
2023-11-01T00:30:00.000,deep,750,2023-11-01
2023-11-01T00:42:30.000,rem,990,2023-11-01
2023-11-01T00:59:00.000,light,630,2023-11-01
2023-11-01T01:09:30.000,deep,1350,2023-11-01
2023-11-01T01:32:00.000,light,1680,2023-11-01
2023-11-01T02:00:00.000,rem,2160,2023-11-01
2023-11-01T02:36:00.000,light,5130,2023-11-01
2023-11-01T04:01:30.000,rem,870,2023-11-01
2023-11-01T04:16:00.000,light,3600,2023-11-01
2023-11-01T05:16:00.000,rem,1260,2023-11-01
2023-11-01T05:37:00.000,wake,1920,2023-11-01
2023-11-01T06:09:00.000,light,3420,2023-11-01
2023-11-01T07:06:00.000,rem,360,2023-11-01
2023-11-01T07:12:00.000,wake,270,2023-11-01
