time,value
13:16:08,109
13:16:11,109
13:16:13,110
13:16:16,110
13:16:19,110
13:16:22,110
13:16:23,109
13:16:25,110
13:16:27,110
13:16:29,109
13:16:31,111
13:16:33,112
13:16:36,111
13:16:38,110
13:16:40,110
13:16:42,109
13:16:44,110
13:16:46,111
13:16:48,109
13:16:50,110
13:16:53,110
13:16:54,102
13:16:56,103
13:16:58,104
13:16:59,101
13:17:01,103
13:17:03,107
13:17:05,85
13:17:07,86
13:17:09,96
13:17:11,92
13:17:13,97
13:17:15,101
13:17:17,94
13:17:19,95
13:17:21,100
13:17:22,92
13:17:24,91
13:17:26,97
13:17:28,90
13:17:30,91
13:17:32,94
13:17:34,92
13:17:36,91
13:17:38,90
13:17:40,87
13:17:42,91
13:17:44,91
13:17:46,90
13:17:47,89
13:17:49,90
13:17:51,89
13:17:53,86
13:17:55,81
13:17:57,79
13:17:59,80
13:18:02,80
13:18:03,81
13:18:05,79
13:18:07,88
13:18:09,82
13:18:10,81
13:18:12,84
13:18:14,81
13:18:17,81
13:18:18,83
13:18:20,82
13:18:22,81
13:18:24,83
13:18:26,81
13:18:28,83
13:18:30,84
13:18:32,81
13:18:34,83
13:18:35,85
13:18:37,84
13:18:39,88
13:18:41,92
13:18:43,91
13:18:45,90
13:18:48,90
13:18:49,87
13:18:51,91
13:18:53,93
13:18:55,90
13:18:57,94
13:18:58,96
13:19:00,91
13:19:02,95
13:19:04,94
13:19:06,99
13:19:08,100
13:19:10,99
13:19:13,99
13:19:14,101
13:19:16,104
13:19:18,102
13:19:20,104
13:19:22,103
13:19:23,100
13:19:26,100
13:19:29,101
13:19:31,102
13:19:33,103
13:19:35,100
13:19:38,100
13:19:39,100
13:19:41,102
13:19:44,102
13:19:46,103
13:19:48,105
13:19:50,103
13:19:52,105
13:19:54,106
13:19:56,102
13:19:58,102
13:20:00,101
13:20:02,103
13:20:05,103
13:20:08,103
13:20:10,102
13:20:11,102
13:20:13,102
13:20:15,99
13:20:18,99
13:20:19,98
13:20:21,99
13:20:23,100
13:20:25,98
13:20:27,98
13:20:29,97
13:20:32,97
13:20:33,98
13:20:34,98
13:20:37,98
13:20:38,99
13:20:40,100
13:20:42,101
13:20:45,101
13:20:48,100
13:20:50,101
13:20:53,101
13:20:54,102
13:20:57,102
13:21:00,102
13:21:02,98
13:21:04,99
13:21:06,98
13:21:08,94
13:21:10,93
13:21:12,95
13:21:14,95
13:21:16,97
13:21:18,98
13:21:19,96
13:21:21,97
13:21:23,98
13:21:26,98
13:21:27,100
13:21:29,102
13:21:31,99
13:21:33,100
13:21:35,99
13:21:38,99
13:21:39,100
13:21:41,99
13:21:44,98
13:21:46,101
13:21:48,99
13:21:50,100
13:21:52,102
13:21:55,102
13:21:56,103
13:21:58,101
13:22:01,101
13:22:02,102
13:22:05,102
13:22:07,101
13:22:09,100
13:22:11,101
13:22:13,100
13:22:15,98
13:22:17,97
13:22:19,99
13:22:21,99
13:22:23,99
13:22:25,96
13:22:27,98
13:22:29,95
13:22:30,96
13:22:32,95
13:22:34,90
13:22:36,93
13:22:38,93
13:22:40,91
13:22:42,90
13:22:44,94
13:22:46,92
13:22:48,93
13:22:50,92
13:22:52,91
13:22:54,93
13:22:55,95
13:22:57,92
13:22:59,93
13:23:01,97
13:23:03,95
13:23:05,96
13:23:07,97
13:23:09,92
13:23:11,96
13:23:13,99
13:23:15,94
13:23:17,97
13:23:18,98
13:23:20,97
13:23:23,97
13:23:24,98
13:23:26,95
13:23:28,98
13:23:31,98
13:23:32,96
13:23:34,100
13:23:36,101
13:23:38,99
13:23:40,100
13:23:42,101
13:23:43,99
13:23:45,99
13:23:47,100
13:23:49,98
13:23:52,98
13:23:53,101
13:23:55,98
13:23:57,99
13:23:59,100
13:24:01,102
13:24:03,101
13:24:05,102
13:24:06,101
13:24:08,101
13:24:10,102
13:24:12,100
13:24:14,99
13:24:17,99
13:24:20,98
13:24:22,99
13:24:25,99
13:24:26,100
13:24:28,103
13:24:30,101
13:24:31,102
13:24:33,103
13:24:35,102
13:24:37,105
13:24:39,107
13:24:41,106
13:24:44,106
13:24:45,108
13:24:47,107
13:24:49,106
13:24:51,107
13:24:53,108
13:24:56,103
13:24:58,99
13:25:00,102
13:25:02,103
13:25:04,101
13:25:06,97
13:25:08,96
13:25:11,96
13:25:12,94
13:25:14,88
13:25:16,85
13:25:18,84
13:25:19,82
13:25:21,82
13:25:23,83
13:25:25,83
13:25:27,81
13:25:29,78
13:25:32,78
13:25:33,79
13:25:35,78
13:25:38,78
13:25:39,79
13:25:41,77
13:25:42,75
13:25:44,73
13:25:47,73
13:25:50,71
13:25:52,72
13:25:55,72
13:25:56,73
13:25:58,75
13:26:00,76
13:26:02,77
13:26:04,79
13:26:06,82
13:26:07,80
13:26:09,78
13:26:11,76
13:26:13,77
13:26:15,79
13:26:18,79
13:26:21,76
13:26:23,73
13:26:25,71
13:26:28,71
13:26:29,72
13:26:32,73
13:26:35,73
13:26:38,73
13:26:40,75
13:26:42,74
13:26:44,73
13:26:46,74
13:26:48,75
13:26:51,75
13:26:52,76
13:26:54,78
13:26:55,79
13:26:57,79
13:26:59,78
13:27:01,76
13:27:03,77
13:27:06,77
13:27:09,78
13:27:12,78
13:27:15,78
13:27:18,78
13:27:19,79
13:27:22,77
13:27:25,77
13:27:26,78
13:27:28,77
13:27:30,76
13:27:32,78
13:27:34,77
13:27:37,77
13:27:38,78
13:27:40,79
13:27:43,79
13:27:44,78
13:27:47,83
13:27:49,81
13:27:51,79
13:27:53,78
13:27:56,78
13:27:57,78
13:27:59,77
13:28:02,77
13:28:03,76
13:28:05,75
13:28:08,75
13:28:10,76
13:28:12,77
13:28:15,77
13:28:16,78
13:28:18,79
13:28:21,79
13:28:24,79
13:28:26,80
13:28:29,80
13:28:32,80
13:28:33,82
13:28:35,83
13:28:37,82
13:28:39,83
13:28:41,84
13:28:44,84
13:28:45,83
13:28:47,84
13:28:50,84
13:28:51,86
13:28:54,86
13:28:55,87
13:28:57,88
13:29:00,88
13:29:03,88
13:29:06,85
13:29:09,85
13:29:10,86
13:29:13,86
13:29:16,87
13:29:19,87
13:29:20,89
13:29:21,91
13:29:23,92
13:29:25,93
13:29:27,96
13:29:29,97
13:29:32,97
13:29:33,96
13:29:36,96
13:29:37,97
13:29:40,97
13:29:41,98
13:29:43,101
13:29:46,107
13:29:48,110
13:29:50,102
13:29:52,95
13:29:54,92
13:29:56,89
13:29:58,87
13:30:00,86
13:30:02,87
13:30:04,86
13:30:06,87
13:30:08,86
13:30:09,84
13:30:11,76
13:30:13,78
13:30:15,80
13:30:17,81
13:30:19,82
13:30:22,82
13:30:23,84
13:30:25,83
13:30:28,83
13:30:31,83
13:30:34,84
13:30:36,85
13:30:39,85
13:30:40,84
13:30:42,83
13:30:45,83
13:30:46,81
13:30:48,82
13:30:50,83
13:30:52,85
13:30:54,84
13:30:56,81
13:30:57,79
13:31:00,79
13:31:03,78
13:31:05,79
13:31:07,78
13:31:09,76
13:31:11,75
13:31:14,75
13:31:15,78
13:31:17,80
13:31:19,79
13:31:21,78
13:31:24,78
13:31:26,74
13:31:28,70
13:31:30,73
13:31:32,74
13:31:35,74
13:31:36,78
13:31:38,79
13:31:40,80
13:31:43,80
13:31:44,82
13:31:45,84
13:31:48,84
13:31:49,83
13:31:52,83
13:31:53,84
13:31:55,86
13:31:58,86
13:31:59,89
13:32:02,89
13:32:03,88
13:32:05,89
13:32:07,88
13:32:09,86
13:32:10,87
13:32:12,84
13:32:14,82
13:32:16,81
13:32:19,81
13:32:22,81
13:32:25,81
13:32:26,82
13:32:29,82
13:32:32,82
13:32:35,81
13:32:37,83
13:32:39,82
13:32:41,81
13:32:43,80
13:32:45,78
13:32:47,77
13:32:49,76
13:32:51,77
13:32:53,78
13:32:56,78
13:32:57,81
13:32:58,82
13:33:01,82
13:33:04,81
13:33:06,80
13:33:08,81
13:33:10,80
13:33:12,78
13:33:15,78
13:33:18,77
13:33:21,77
13:33:23,76
13:33:26,76
13:33:27,77
13:33:29,78
13:33:32,78
13:33:35,77
13:33:38,77
13:33:41,79
13:33:43,80
13:33:45,79
13:33:48,80
13:33:51,82
13:33:52,84
13:33:54,82
13:33:57,82
13:34:00,84
13:34:02,83
13:34:04,82
13:34:06,81
13:34:08,85
13:34:10,91
13:34:12,95
13:34:14,93
13:34:17,93
13:34:19,92
13:34:21,91
13:34:23,92
13:34:26,92
13:34:27,94
13:34:30,94
13:34:31,92
13:34:33,90
13:34:35,89
13:34:37,90
13:34:39,91
13:34:42,91
13:34:44,93
13:34:46,94
13:34:48,95
13:34:51,95
13:34:54,97
13:34:56,98
13:34:58,100
13:35:00,101
13:35:02,100
13:35:05,95
13:35:07,91
13:35:09,90
13:35:11,89
13:35:13,93
13:35:16,93
13:35:17,90
13:35:20,90
13:35:21,88
13:35:23,89
13:35:26,89
13:35:29,89
13:35:30,90
13:35:32,91
13:35:35,91
13:35:36,92
13:35:39,92
13:35:40,91
13:35:42,91
13:35:44,93
13:35:46,94
13:35:49,94
13:35:51,96
13:35:53,99
13:35:56,99
13:35:57,100
13:36:00,100
13:36:01,102
13:36:03,101
13:36:06,101
13:36:07,103
13:36:09,98
13:36:11,100
13:36:13,104
13:36:15,105
13:36:16,109
13:36:18,114
13:36:20,110
13:36:22,111
13:36:24,106
13:36:26,103
13:36:28,102
13:36:30,103
13:36:33,103
13:36:34,104
13:36:36,105
13:36:39,105
13:36:41,104
13:36:43,102
13:36:45,99
13:36:48,99
13:36:49,98
13:36:51,99
13:36:54,99
13:36:55,98
13:36:58,98
13:36:59,97
13:37:02,97
13:37:03,96
13:37:06,96
13:37:08,95
13:37:11,95
13:37:12,93
13:37:14,88
13:37:16,87
13:37:18,89
13:37:20,87
13:37:22,84
13:37:24,88
13:37:26,85
13:37:27,83
13:37:29,81
13:37:31,79
13:37:34,79
13:37:35,80
13:37:37,78
13:37:39,80
13:37:41,83
13:37:43,82
13:37:45,81
13:37:48,81
13:37:51,82
13:37:52,83
13:37:54,81
13:37:57,81
13:37:58,80
13:38:01,80
13:38:04,80
13:38:07,80
13:38:08,81
13:38:10,83
13:38:13,83
13:38:14,82
13:38:15,83
13:38:18,83
13:38:21,82
13:38:24,82
13:38:25,81
13:38:27,82
13:38:29,82
13:38:31,83
13:38:34,83
13:38:37,82
13:38:39,84
13:38:42,83
13:38:44,89
13:38:46,87
13:38:48,85
13:38:50,86
13:38:52,90
13:38:54,91
13:38:56,89
13:38:58,88
13:39:00,89
13:39:02,90
13:39:03,89
13:39:05,91
13:39:08,91
13:39:09,90
13:39:12,90
13:39:15,90
13:39:17,91
13:39:19,92
13:39:21,94
13:39:24,94
13:39:27,92
13:39:28,90
13:39:30,91
13:39:32,89
13:39:35,89
13:39:36,90
13:39:39,90
13:39:40,89
13:39:42,88
13:39:44,89
13:39:47,89
13:39:50,89
13:39:53,89
13:39:56,89
13:39:57,90
13:40:00,90
13:40:03,90
13:40:06,90
13:40:09,90
13:40:12,90
13:40:15,90
13:40:16,95
13:40:18,97
13:40:20,96
13:40:23,96
13:40:24,90
13:40:27,90
13:40:28,92
13:40:30,91
13:40:32,89
13:40:35,89
13:40:36,88
13:40:38,87
13:40:39,88
13:40:41,89
13:40:44,89
13:40:45,90
13:40:47,89
13:40:50,89
13:40:51,90
13:40:53,91
13:40:55,92
13:40:58,92
13:40:59,91
13:41:01,90
13:41:03,88
13:41:04,86
13:41:07,86
13:41:10,86
13:41:13,86
13:41:14,87
13:41:17,87
13:41:20,86
13:41:22,85
13:41:25,85
13:41:26,86
13:41:29,85
13:41:32,85
13:41:33,86
13:41:35,88
13:41:37,89
13:41:39,90
13:41:41,92
13:41:43,93
13:41:45,95
13:41:47,97
13:41:50,97
13:41:51,96
13:41:52,95
13:41:54,94
13:41:57,94
13:41:58,95
13:42:00,94
13:42:02,93
13:42:04,92
13:42:06,94
13:42:08,95
13:42:10,93
13:42:12,97
13:42:14,100
13:42:15,98
13:42:17,96
13:42:19,97
13:42:21,96
13:42:24,96
13:42:27,94
13:42:29,97
13:42:31,99
13:42:33,98
13:42:35,99
13:42:37,97
13:42:39,94
13:42:42,94
13:42:44,93
13:42:46,94
13:42:48,95
13:42:50,94
13:42:53,94
13:42:56,93
13:42:59,93
13:43:00,95
13:43:02,92
13:43:03,96
13:43:05,98
13:43:08,98
13:43:09,96
13:43:11,95
13:43:13,93
13:43:15,92
13:43:17,95
13:43:19,94
13:43:21,95
13:43:23,95
13:43:25,90
13:43:27,89
13:43:28,90
13:43:31,90
13:43:34,90
13:43:36,87
13:43:39,87
13:43:40,89
13:43:42,88
13:43:44,89
13:43:47,89
13:43:50,91
13:43:51,93
13:43:53,92
13:43:55,93
13:43:57,92
13:43:59,90
13:44:01,89
13:44:04,89
13:44:05,90
13:44:08,90
13:44:11,90
13:44:14,90
13:44:15,91
13:44:16,90
13:44:19,90
13:44:22,90
13:44:25,90
13:44:28,90
13:44:30,88
13:44:33,88
13:44:36,88
13:44:39,88
13:44:41,87
13:44:43,88
13:44:45,90
13:44:47,91
13:44:49,90
13:44:51,89
13:44:53,90
13:44:55,89
13:44:57,88
13:44:59,89
13:45:01,91
13:45:03,92
13:45:04,93
13:45:06,94
13:45:08,91
13:45:10,94
13:45:12,93
13:45:14,91
13:45:16,89
13:45:18,88
13:45:20,87
13:45:23,87
13:45:24,88
13:45:26,87
13:45:27,88
13:45:29,95
13:45:31,94
13:45:33,92
13:45:35,91
13:45:37,90
13:45:39,91
13:45:42,91
13:45:43,89
13:45:45,90
13:45:48,90
13:45:49,91
13:45:51,95
13:45:54,93
13:45:57,93
13:46:00,91
13:46:02,92
13:46:04,94
13:46:06,93
13:46:08,94
13:46:10,93
13:46:12,92
13:46:15,92
13:46:18,92
13:46:19,93
13:46:21,94
13:46:23,96
13:46:26,96
13:46:27,97
13:46:29,96
13:46:31,97
13:46:33,99
13:46:35,100
13:46:38,100
13:46:40,103
13:46:42,101
13:46:44,105
13:46:46,106
13:46:48,105
13:46:51,105
13:46:52,104
13:46:54,105
13:46:56,104
13:46:59,104
13:47:00,103
13:47:03,102
13:47:06,102
13:47:07,100
13:47:09,99
13:47:11,98
13:47:14,98
13:47:15,97
13:47:18,97
13:47:21,96
13:47:23,95
13:47:25,93
13:47:27,94
13:47:30,93
13:47:32,90
13:47:34,88
13:47:36,86
13:47:38,83
13:47:40,83
13:47:42,85
13:47:44,86
13:47:46,87
13:47:48,84
13:47:50,78
13:47:51,76
13:47:54,76
13:47:55,75
13:47:58,75
13:48:01,74
13:48:03,77
13:48:05,79
13:48:07,82
13:48:09,88
13:48:11,91
13:48:13,91
13:48:15,94
13:48:18,95
13:48:20,96
13:48:22,99
13:48:24,93
13:48:26,93
13:48:28,94
13:48:30,92
13:48:32,95
13:48:34,98
13:48:36,97
13:48:39,101
13:48:41,100
13:48:44,100
13:48:45,101
13:48:47,95
13:48:49,96
13:48:51,97
13:48:53,96
13:48:55,94
13:48:57,103
13:48:59,101
13:49:01,98
13:49:03,102
13:49:04,99
13:49:06,97
13:49:08,101
13:49:10,99
13:49:12,97
13:49:14,99
13:49:16,97
13:49:19,97
13:49:20,98
13:49:23,98
13:49:24,96
13:49:26,98
13:49:27,97
13:49:30,97
13:49:33,95
13:49:36,95
13:49:37,95
13:49:39,93
13:49:41,93
13:49:43,96
13:49:45,94
13:49:47,93
13:49:49,96
13:49:51,95
13:49:52,95
13:49:54,96
13:49:56,95
13:49:58,94
13:50:00,96
13:50:03,96
13:50:04,97
13:50:06,99
13:50:08,94
13:50:10,90
13:50:12,88
13:50:14,88
13:50:15,89
13:50:17,91
13:50:19,90
13:50:21,92
13:50:23,93
13:50:25,92
13:50:27,90
13:50:29,92
13:50:31,91
13:50:33,90
13:50:35,93
13:50:37,94
13:50:39,93
13:50:40,95
13:50:42,94
13:50:44,94
13:50:46,94
13:50:48,96
13:50:50,101
13:50:53,101
13:50:54,95
13:50:56,92
13:50:58,95
13:51:00,88
13:51:02,85
13:51:03,95
13:51:05,99
13:51:07,98
13:51:09,97
13:51:12,97
13:51:15,98
13:51:17,99
13:51:20,99
13:51:23,99
13:51:25,98
13:51:27,97
13:51:28,98
13:51:30,95
13:51:32,96
13:51:35,96
13:51:38,96
13:51:40,97
13:51:42,94
13:51:44,94
13:51:46,95
13:51:48,98
13:51:50,99
13:51:51,96
13:51:54,96
13:51:55,97
13:51:58,97
13:52:01,99
13:52:04,99
13:52:05,103
13:52:07,106
13:52:09,103
13:52:11,104
13:52:14,104
13:52:15,101
13:52:16,102
13:52:19,102
13:52:20,101
13:52:22,105
13:52:24,102
13:52:26,99
13:52:28,100
13:52:31,100
13:52:32,99
13:52:34,100
13:52:36,102
13:52:38,101
13:52:39,103
13:52:41,104
13:52:43,102
13:52:45,103
13:52:47,104
13:52:49,99
13:52:51,102
13:52:53,101
13:52:55,97
13:52:57,99
13:52:59,99
13:53:01,96
13:53:03,98
13:53:04,101
13:53:06,100
13:53:08,102
13:53:10,104
13:53:12,101
13:53:14,105
13:53:16,102
13:53:18,99
13:53:20,101
13:53:22,102
13:53:24,100
13:53:26,102
13:53:29,101
13:53:31,101
13:53:34,101
13:53:35,97
13:53:38,97
13:53:39,98
13:53:41,100
13:53:43,99
13:53:46,99
13:53:49,102
13:53:51,101
13:53:54,101
13:53:56,102
13:53:58,100
13:54:00,101
13:54:03,101
13:54:04,99
13:54:06,101
13:54:08,100
13:54:10,97
13:54:12,100
13:54:14,101
13:54:15,100
13:54:17,101
13:54:19,100
13:54:21,98
13:54:23,103
13:54:25,102
13:54:27,101
13:54:30,101
13:54:31,100
13:54:34,100
13:54:37,98
13:54:39,97
13:54:40,96
13:54:42,99
13:54:44,102
13:54:47,102
13:54:48,101
13:54:50,102
13:54:52,100
13:54:54,100
13:54:56,97
13:54:58,95
13:55:00,99
13:55:02,97
13:55:03,98
13:55:05,101
13:55:07,102
13:55:10,102
13:55:11,105
13:55:13,104
13:55:16,104
13:55:17,105
13:55:19,100
13:55:21,101
13:55:23,101
13:55:26,101
13:55:27,101
13:55:28,106
13:55:30,102
13:55:32,105
13:55:34,108
13:55:36,105
13:55:38,102
13:55:40,104
13:55:42,104
13:55:45,104
13:55:46,106
13:55:48,104
13:55:50,103
13:55:51,104
13:55:53,102
13:55:55,101
13:55:57,103
13:55:59,102
13:56:02,102
13:56:03,103
13:56:05,102
13:56:07,101
13:56:09,102
13:56:11,101
13:56:13,100
13:56:16,99
13:56:18,101
13:56:20,102
13:56:22,99
13:56:25,99
13:56:26,101
13:56:28,100
13:56:31,100
13:56:32,102
13:56:35,102
13:56:38,103
13:56:39,102
13:56:42,102
13:56:43,103
13:56:45,102
13:56:48,102
13:56:51,100
13:56:53,101
13:56:55,101
13:56:57,99
13:56:59,98
13:57:01,102
13:57:03,100
13:57:04,100
13:57:06,101
13:57:08,98
13:57:10,98
13:57:12,100
13:57:14,99
13:57:16,101
13:57:18,102
13:57:21,102
13:57:22,108
13:57:24,109
13:57:26,103
13:57:27,104
13:57:29,106
13:57:31,105
13:57:33,107
13:57:35,108
13:57:37,109
13:57:39,108
13:57:42,108
13:57:45,108
13:57:48,108
13:57:49,107
13:57:51,106
13:57:52,105
13:57:54,95
13:57:56,94
13:57:58,99
13:58:00,97
13:58:02,97
13:58:05,97
13:58:06,96
13:58:08,95
13:58:11,95
13:58:12,96
13:58:14,97
13:58:17,97
13:58:19,96
13:58:21,97
13:58:24,97
13:58:27,98
13:58:29,95
13:58:31,93
13:58:34,93
13:58:35,94
13:58:38,94
13:58:41,94
13:58:42,95
13:58:44,96
13:58:46,97
13:58:48,96
13:58:50,95
13:58:53,95
13:58:56,96
13:58:59,96
13:59:02,97
13:59:03,97
13:59:05,95
13:59:08,95
13:59:09,94
13:59:11,93
13:59:13,94
13:59:15,93
13:59:17,94
13:59:19,95
13:59:21,96
13:59:24,96
13:59:27,95
13:59:28,94
13:59:31,94
13:59:32,97
13:59:35,97
13:59:36,100
13:59:38,101
13:59:40,102
13:59:42,104
13:59:44,103
13:59:47,103
13:59:48,104
13:59:51,103
13:59:53,102
13:59:55,101
13:59:57,100
13:59:59,101
14:00:02,101
14:00:03,102
14:00:05,101
14:00:07,101
14:00:09,101
14:00:11,100
14:00:13,99
14:00:15,99
14:00:16,100
14:00:19,100
14:00:20,99
14:00:22,101
14:00:24,99
14:00:26,100
14:00:28,102
14:00:30,101
14:00:32,101
14:00:34,100
14:00:36,101
14:00:38,100
14:00:41,103
14:00:43,104
14:00:45,101
14:00:48,101
14:00:49,102
14:00:51,102
14:00:53,104
14:00:55,105
14:00:57,106
14:00:59,106
14:01:02,106
14:01:03,106
14:01:04,105
14:01:07,105
14:01:08,103
14:01:10,104
14:01:12,105
14:01:14,108
14:01:16,107
14:01:18,108
14:01:20,106
14:01:22,107
14:01:24,106
14:01:27,106
14:01:29,105
14:01:31,106
14:01:33,103
14:01:35,102
14:01:37,104
14:01:39,103
14:01:41,101
14:01:43,102
14:01:45,105
14:01:47,101
14:01:49,103
14:01:51,102
14:01:52,104
14:01:54,105
14:01:56,103
14:01:58,104
14:02:00,102
14:02:02,101
14:02:04,102
14:02:06,104
14:02:09,104
14:02:10,105
14:02:12,104
14:02:14,104
14:02:15,107
14:02:17,109
14:02:19,108
14:02:21,103
14:02:24,103
14:02:27,104
14:02:29,103
14:02:31,116
14:02:33,122
14:02:35,116
14:02:37,121
14:02:39,125
14:02:40,121
14:02:43,121
14:02:44,120
14:02:46,113
14:02:48,105
14:02:50,107
14:02:52,103
14:02:54,99
14:02:56,122
14:02:58,119
14:03:00,116
14:03:02,121
14:03:03,107
14:03:05,108
14:03:07,121
14:03:09,113
14:03:11,119
14:03:14,119
14:03:15,132
14:03:17,136
14:03:19,156
14:03:21,150
14:03:23,144
14:03:26,144
14:03:27,138
14:03:30,156
14:03:32,154
14:03:34,142
14:03:36,147
14:03:38,133
14:03:40,130
14:03:42,135
14:03:44,117
14:03:46,116
14:03:48,140
14:03:50,117
14:03:51,116
14:03:53,132
14:03:55,129
14:03:57,123
14:03:59,140
14:04:01,142
14:04:03,140
14:04:05,155
14:04:07,158
14:04:09,149
14:04:11,152
14:04:13,147
14:04:15,143
14:04:16,140
14:04:18,143
14:04:20,132
14:04:22,145
14:04:24,137
14:04:26,93
14:04:28,88
14:04:30,87
14:04:32,86
14:04:35,86
14:04:36,87
14:04:39,103
14:04:41,92
14:04:43,88
14:04:45,99
14:04:47,90
14:04:49,79
14:04:51,77
14:04:54,77
14:04:55,78
14:04:57,86
14:04:59,92
14:05:01,95
14:05:04,95
14:05:05,97
14:05:07,94
14:05:09,93
14:05:10,92
14:05:13,92
14:05:14,90
14:05:16,89
14:05:19,89
14:05:22,89
14:05:24,90
14:05:26,89
14:05:28,88
14:05:31,88
14:05:32,87
14:05:33,88
14:05:35,87
14:05:37,84
14:05:39,83
14:05:42,83
14:05:43,85
14:05:45,87
14:05:48,87
14:05:49,85
14:05:51,84
14:05:53,86
14:05:56,86
14:05:57,85
14:05:58,84
14:06:00,82
14:06:03,82
14:06:04,81
14:06:06,82
14:06:09,82
14:06:10,80
14:06:12,78
14:06:14,77
14:06:16,78
14:06:19,78
14:06:21,79
14:06:23,80
14:06:25,82
14:06:28,82
14:06:29,80
14:06:32,80
14:06:35,80
14:06:38,80
14:06:39,82
14:06:42,82
14:06:43,83
14:06:45,84
14:06:48,85
14:06:50,84
14:06:52,82
14:06:54,83
14:06:56,84
14:06:58,84
14:07:01,84
14:07:02,85
14:07:04,86
14:07:07,86
14:07:09,87
14:07:11,88
14:07:13,90
14:07:15,92
14:07:17,94
14:07:19,95
14:07:21,94
14:07:24,94
14:07:27,92
14:07:29,89
14:07:31,87
14:07:33,86
14:07:36,86
14:07:38,87
14:07:41,87
14:07:42,88
14:07:45,88
14:07:46,89
14:07:48,93
14:07:51,93
14:07:54,92
14:07:57,94
14:07:59,93
14:08:01,92
14:08:04,92
14:08:07,92
14:08:09,94
14:08:11,95
14:08:14,95
14:08:15,94
14:08:17,93
14:08:19,91
14:08:22,91
14:08:24,89
14:08:27,89
14:08:28,88
14:08:30,86
14:08:33,86
14:08:36,86
14:08:39,86
14:08:42,86
14:08:44,84
14:08:47,84
14:08:50,84
14:08:53,84
14:08:56,84
14:08:59,83
14:09:01,82
14:09:04,82
14:09:05,82
14:09:08,82
14:09:11,82
14:09:14,85
14:09:16,86
14:09:19,86
14:09:22,87
14:09:25,87
14:09:26,86
14:09:29,86
14:09:30,87
14:09:33,87
14:09:36,87
14:09:37,86
14:09:39,87
14:09:41,86
14:09:44,86
14:09:45,87
14:09:48,87
14:09:49,86
14:09:51,85
14:09:53,86
14:09:55,89
14:09:57,88
14:09:58,87
14:10:01,87
14:10:04,88
14:10:06,88
14:10:08,89
14:10:10,93
14:10:12,90
14:10:15,90
14:10:18,90
14:10:20,91
14:10:21,93
14:10:23,95
14:10:26,95
14:10:29,94
14:10:32,94
14:10:33,93
14:10:36,93
14:10:39,92
14:10:42,92
14:10:43,93
14:10:46,93
14:10:48,96
14:10:51,96
14:10:54,93
14:10:56,92
14:10:59,92
14:11:00,94
14:11:03,94
14:11:04,100
14:11:06,93
14:11:08,89
14:11:09,87
14:11:11,86
14:11:13,83
14:11:15,84
14:11:17,85
14:11:20,85
14:11:21,86
14:11:23,87
14:11:25,86
14:11:28,86
14:11:31,85
14:11:33,84
14:11:34,83
14:11:36,82
14:11:38,83
14:11:41,83
14:11:44,82
14:11:46,80
14:11:49,80
14:11:52,80
14:11:55,80
14:11:57,82
14:12:00,82
14:12:01,84
14:12:04,84
14:12:07,85
14:12:09,85
14:12:12,85
14:12:15,83
14:12:17,81
14:12:19,82
14:12:21,82
14:12:24,82
14:12:27,82
14:12:28,84
14:12:31,84
14:12:34,84
14:12:37,84
14:12:38,85
14:12:40,86
14:12:42,87
14:12:44,89
14:12:47,89
14:12:49,87
14:12:51,85
14:12:54,85
14:12:57,84
14:12:59,84
14:13:01,84
14:13:04,84
14:13:07,84
14:13:10,83
14:13:12,84
14:13:15,84
14:13:16,86
14:13:19,86
14:13:20,87
14:13:22,88
14:13:24,89
14:13:27,89
14:13:28,90
14:13:30,89
14:13:32,88
14:13:33,87
14:13:35,86
14:13:37,84
14:13:39,82
14:13:41,79
14:13:43,80
14:13:45,82
14:13:47,83
14:13:50,83
14:13:51,82
14:13:54,82
14:13:55,83
14:13:57,85
14:13:58,86
14:14:00,84
14:14:03,84
14:14:04,84
14:14:06,83
14:14:08,84
14:14:10,86
14:14:12,87
14:14:14,88
14:14:17,88
14:14:18,86
14:14:21,86
14:14:23,87
14:14:25,86
14:14:28,86
14:14:29,84
14:14:31,83
14:14:33,82
14:14:36,82
14:14:39,82
14:14:42,82
14:14:43,83
14:14:45,84
14:14:48,83
14:14:50,82
14:14:52,83
14:14:54,84
14:14:57,84
14:14:58,86
14:15:00,87
14:15:02,88
14:15:05,88
14:15:06,85
14:15:08,82
14:15:09,80
14:15:11,81
14:15:13,82
14:15:15,83
14:15:17,84
14:15:19,83
14:15:21,82
14:15:24,82
14:15:25,80
14:15:28,80
14:15:29,82
14:15:31,84
14:15:33,86
14:15:34,91
14:15:36,93
14:15:38,91
14:15:40,87
14:15:42,84
14:15:44,83
14:15:46,84
14:15:48,86
14:15:50,88
14:15:52,87
14:15:54,86
14:15:56,84
14:15:57,82
14:16:00,82
14:16:03,82
14:16:06,82
14:16:09,82
14:16:11,83
14:16:13,80
14:16:15,79
14:16:17,78
14:16:19,77
14:16:21,76
14:16:22,77
14:16:25,77
14:16:28,78
14:16:31,78
14:16:34,79
14:16:36,80
14:16:39,80
14:16:40,81
14:16:43,81
14:16:44,82
14:16:45,83
14:16:48,83
14:16:51,83
14:16:53,84
14:16:55,85
14:16:57,86
14:17:00,86
14:17:01,87
14:17:03,88
14:17:06,88
14:17:09,88
14:17:10,89
14:17:13,89
14:17:14,90
14:17:16,91
14:17:18,93
14:17:20,94
14:17:22,95
14:17:24,94
14:17:26,92
14:17:28,90
14:17:30,91
14:17:33,92
14:17:36,92
14:17:37,94
14:17:39,96
14:17:42,96
14:17:43,95
14:17:45,94
14:17:47,91
14:17:49,88
14:17:51,88
14:17:53,87
14:17:55,86
14:17:58,86
14:18:01,86
14:18:04,85
14:18:06,84
14:18:09,84
14:18:12,83
14:18:14,82
14:18:17,82
14:18:18,81
14:18:20,82
14:18:21,83
14:18:23,84
14:18:26,84
14:18:29,83
14:18:31,84
14:18:33,86
14:18:36,86
14:18:39,85
14:18:41,84
14:18:43,82
14:18:46,83
14:18:49,83
14:18:52,84
14:18:54,85
14:18:56,86
14:18:58,86
14:19:01,86
14:19:02,86
14:19:04,86
14:19:07,86
14:19:08,84
14:19:09,83
14:19:11,82
14:19:14,82
14:19:15,84
14:19:18,84
14:19:21,82
14:19:24,82
14:19:25,81
14:19:27,80
14:19:29,79
14:19:31,78
14:19:34,76
14:19:36,77
14:19:38,78
14:19:41,78
14:19:42,80
14:19:44,82
14:19:46,84
14:19:48,84
14:19:50,84
14:19:52,86
14:19:54,88
14:19:57,89
14:19:59,90
14:20:01,91
14:20:03,92
14:20:05,90
14:20:07,89
14:20:09,88
14:20:12,88
14:20:15,88
14:20:18,88
14:20:19,89
14:20:21,87
14:20:22,86
14:20:24,85
14:20:27,85
14:20:28,86
14:20:31,86
14:20:32,87
14:20:34,88
14:20:37,88
14:20:40,89
14:20:42,88
14:20:44,89
14:20:45,90
14:20:48,90
14:20:49,88
14:20:52,88
14:20:55,88
14:20:57,86
14:20:59,84
14:21:01,82
14:21:03,81
14:21:05,80
14:21:08,80
14:21:11,80
14:21:12,78
14:21:15,78
14:21:16,78
14:21:18,78
14:21:20,79
14:21:22,81
14:21:24,85
14:21:26,88
14:21:28,89
14:21:30,90
14:21:32,88
14:21:33,87
14:21:35,86
14:21:37,84
14:21:39,85
14:21:41,86
14:21:44,86
14:21:45,85
14:21:47,83
14:21:49,82
14:21:51,81
14:21:53,80
14:21:55,79
14:21:57,78
14:21:58,77
14:22:01,77
14:22:02,78
14:22:04,80
14:22:06,82
14:22:08,85
14:22:10,86
14:22:12,87
14:22:14,89
14:22:17,89
14:22:18,90
14:22:21,90
14:22:23,88
14:22:26,88
14:22:29,88
14:22:31,90
14:22:34,90
14:22:37,91
14:22:39,92
14:22:42,92
14:22:43,90
14:22:45,89
14:22:48,89
14:22:51,89
14:22:52,90
14:22:55,90
14:22:56,89
14:22:59,89
14:23:00,90
14:23:03,90
14:23:06,91
14:23:09,91
14:23:12,91
14:23:13,92
14:23:16,92
14:23:19,92
14:23:21,93
14:23:24,93
14:23:27,92
14:23:29,90
14:23:32,90
14:23:33,88
14:23:36,88
14:23:39,88
14:23:40,89
14:23:42,91
14:23:44,90
14:23:46,87
14:23:48,86
14:23:51,86
14:23:52,88
14:23:54,89
14:23:56,88
14:23:59,87
14:24:01,88
14:24:04,88
14:24:05,87
14:24:07,85
14:24:09,84
14:24:11,83
14:24:13,82
14:24:15,83
14:24:17,84
14:24:20,84
14:24:22,83
14:24:24,80
14:24:26,78
14:24:29,78
14:24:30,77
14:24:33,77
14:24:34,78
14:24:36,80
14:24:38,81
14:24:40,81
14:24:42,82
14:24:44,83
14:24:45,86
14:24:47,87
14:24:49,88
14:24:51,90
14:24:54,90
14:24:57,91
14:25:00,91
14:25:01,90
14:25:03,89
14:25:05,86
14:25:07,83
14:25:09,82
14:25:10,80
14:25:12,79
14:25:15,79
14:25:16,81
14:25:18,79
14:25:20,77
14:25:23,77
14:25:26,77
14:25:28,78
14:25:30,79
14:25:33,80
14:25:35,82
14:25:38,82
14:25:39,82
14:25:42,82
14:25:45,82
14:25:47,82
14:25:49,80
14:25:51,79
14:25:54,79
14:25:55,80
14:25:58,81
14:26:01,81
14:26:02,82
14:26:05,82
14:26:08,80
14:26:10,81
14:26:12,82
14:26:14,83
14:26:16,85
14:26:18,86
14:26:20,86
14:26:21,84
14:26:23,82
14:26:26,82
14:26:27,84
14:26:30,84
14:26:33,84
14:26:35,85
14:26:38,85
14:26:39,85
14:26:42,85
14:26:45,86
14:26:48,86
14:26:51,86
14:26:52,85
14:26:55,85
14:26:58,85
14:27:00,86
14:27:02,87
14:27:05,87
14:27:08,87
14:27:09,88
14:27:12,88
14:27:13,87
14:27:15,86
14:27:18,86
14:27:19,87
14:27:22,87
14:27:23,86
14:27:26,86
14:27:29,89
14:27:31,90
14:27:33,94
14:27:34,91
14:27:36,90
14:27:38,91
14:27:40,91
14:27:43,91
14:27:44,92
14:27:47,92
14:27:48,93
14:27:50,92
14:27:52,94
14:27:54,95
14:27:57,95
14:27:59,96
14:28:01,95
14:28:04,95
14:28:05,96
14:28:07,98
14:28:09,100
14:28:12,100
14:28:13,98
14:28:16,98
14:28:19,98
14:28:22,97
14:28:24,95
14:28:26,94
14:28:28,91
14:28:30,89
14:28:32,88
14:28:35,88
14:28:38,88
14:28:40,86
14:28:43,86
14:28:44,84
14:28:45,84
14:28:48,84
14:28:49,85
14:28:51,86
14:28:53,87
14:28:55,88
14:28:57,89
14:28:59,87
14:29:01,88
14:29:04,88
14:29:05,87
14:29:07,85
14:29:10,86
14:29:12,88
14:29:15,88
14:29:18,87
14:29:20,86
14:29:23,86
14:29:24,87
14:29:27,87
14:29:28,87
14:29:31,87
14:29:33,88
14:29:36,88
14:29:37,88
14:29:39,89
14:29:42,89
14:29:43,88
14:29:45,89
14:29:47,88
14:29:50,88
14:29:51,89
14:29:54,89
14:29:55,88
14:29:57,89
14:29:58,90
14:30:01,90
14:30:02,89
14:30:04,88
14:30:07,88
14:30:08,90
14:30:11,90
14:30:14,90
14:30:16,89
14:30:19,89
14:30:22,89
14:30:25,90
14:30:27,89
14:30:30,89
14:30:33,90
14:30:35,91
14:30:37,92
14:30:40,92
14:30:41,91
14:30:43,90
14:30:46,88
14:30:48,89
14:30:50,90
14:30:52,92
14:30:55,92
14:30:56,91
14:30:58,90
14:31:01,90
14:31:04,89
14:31:06,88
14:31:09,89
14:31:11,90
14:31:13,91
14:31:15,92
14:31:17,93
14:31:20,93
14:31:23,92
14:31:25,91
14:31:27,90
14:31:29,91
14:31:32,91
14:31:35,91
14:31:36,92
14:31:38,93
14:31:41,93
14:31:42,94
14:31:45,94
14:31:48,92
14:31:50,91
14:31:52,92
14:31:54,91
14:31:57,95
14:32:00,95
14:32:03,97
14:32:06,97
14:32:07,96
14:32:10,96
14:32:11,95
14:32:14,95
14:32:17,96
14:32:19,95
14:32:21,96
14:32:22,95
14:32:25,95
14:32:26,94
14:32:28,93
14:32:31,93
14:32:32,92
14:32:34,91
14:32:36,92
14:32:38,93
14:32:40,94
14:32:42,93
14:32:44,91
14:32:45,89
14:32:48,89
14:32:49,91
14:32:51,92
14:32:53,93
14:32:56,93
14:32:57,92
14:32:59,90
14:33:02,90
14:33:03,89
14:33:06,89
14:33:07,88
14:33:09,87
14:33:10,88
14:33:12,89
14:33:14,88
14:33:16,87
14:33:19,87
14:33:20,86
14:33:22,90
14:33:24,89
14:33:26,86
14:33:29,86
14:33:30,88
14:33:32,92
14:33:35,94
14:33:37,98
14:33:40,98
14:33:43,100
14:33:45,101
14:33:47,100
14:33:49,99
14:33:52,99
14:33:53,101
14:33:56,101
14:33:57,98
14:33:58,94
14:34:00,92
14:34:02,88
14:34:04,86
14:34:06,85
14:34:09,85
14:34:10,87
14:34:12,89
14:34:14,92
14:34:16,93
14:34:19,93
14:34:20,92
14:34:21,93
14:34:24,93
14:34:25,93
14:34:28,93
14:34:29,92
14:34:31,91
14:34:34,91
14:34:35,92
14:34:38,92
14:34:39,94
14:34:41,95
14:34:43,96
14:34:46,97
14:34:48,98
14:34:50,96
14:34:53,96
14:34:56,95
14:34:58,96
14:35:00,95
14:35:03,95
14:35:06,95
14:35:08,97
14:35:09,100
14:35:11,102
14:35:13,99
14:35:15,94
14:35:17,93
14:35:20,93
14:35:21,94
14:35:23,94
14:35:25,95
14:35:27,96
14:35:29,95
14:35:31,94
14:35:34,94
14:35:37,94
14:35:38,93
14:35:40,94
14:35:43,94
14:35:44,95
14:35:46,96
14:35:49,96
14:35:50,95
14:35:52,94
14:35:55,94
14:35:56,91
14:35:58,90
14:36:00,89
14:36:03,89
14:36:05,88
14:36:07,90
14:36:10,90
14:36:11,91
14:36:13,93
14:36:16,93
14:36:17,92
14:36:19,91
14:36:22,91
14:36:23,92
14:36:25,93
14:36:27,92
14:36:28,93
14:36:30,92
14:36:32,93
14:36:34,97
14:36:36,98
14:36:38,99
14:36:40,97
14:36:42,95
14:36:44,94
14:36:46,92
14:36:49,92
14:36:50,91
14:36:51,92
14:36:53,93
14:36:55,95
14:36:57,96
14:37:00,96
14:37:01,95
14:37:04,95
14:37:05,94
14:37:07,93
14:37:09,92
14:37:11,91
14:37:13,89
14:37:15,88
14:37:16,90
14:37:18,91
14:37:20,92
14:37:23,92
14:37:24,93
14:37:26,94
14:37:29,94
14:37:30,98
14:37:33,98
14:37:34,95
14:37:36,93
14:37:38,92
14:37:39,91
14:37:41,90
14:37:44,90
14:37:47,89
14:37:50,89
14:37:51,90
14:37:54,90
14:37:55,91
14:37:58,91
14:38:01,91
14:38:03,92
14:38:04,93
14:38:06,96
14:38:08,98
14:38:10,103
14:38:12,102
14:38:14,99
14:38:16,94
14:38:19,94
14:38:20,92
14:38:22,90
14:38:24,89
14:38:26,90
14:38:29,91
14:38:31,90
14:38:33,91
14:38:35,90
14:38:37,91
14:38:40,91
14:38:43,90
14:38:46,90
14:38:49,89
14:38:52,90
14:38:55,90
14:38:56,92
14:38:58,93
14:39:00,94
14:39:02,92
14:39:04,89
14:39:06,90
14:39:08,93
14:39:10,92
14:39:12,90
14:39:14,87
14:39:15,88
14:39:17,89
14:39:19,90
14:39:22,90
14:39:23,88
14:39:26,88
14:39:29,89
14:39:32,89
14:39:35,90
14:39:38,90
14:39:39,89
14:39:42,89
14:39:45,89
14:39:48,89
14:39:51,89
14:39:54,90
14:39:56,92
14:39:58,91
14:40:00,90
14:40:03,90
14:40:05,93
14:40:07,97
14:40:09,98
14:40:11,97
14:40:13,95
14:40:15,94
14:40:18,94
14:40:19,95
14:40:21,97
14:40:23,98
14:40:25,97
14:40:27,96
14:40:28,94
14:40:30,93
14:40:32,92
14:40:35,92
14:40:38,92
14:40:41,92
14:40:44,92
14:40:47,92
14:40:50,92
14:40:51,94
14:40:53,95
14:40:55,94
14:40:57,95
14:41:00,95
14:41:01,94
14:41:03,96
14:41:05,98
14:41:07,100
14:41:09,98
14:41:11,95
14:41:13,92
14:41:15,91
14:41:16,92
14:41:18,95
14:41:20,99
14:41:22,97
14:41:24,94
14:41:26,95
14:41:29,95
14:41:32,99
14:41:34,98
14:41:36,96
14:41:39,96
14:41:41,97
14:41:43,96
14:41:45,94
14:41:48,94
14:41:49,92
14:41:51,91
14:41:53,88
14:41:56,88
14:41:59,92
14:42:01,93
14:42:03,92
14:42:04,91
14:42:06,92
14:42:08,93
14:42:10,92
14:42:12,89
14:42:14,87
14:42:16,84
14:42:18,82
14:42:21,82
14:42:22,80
14:42:25,80
14:42:27,81
14:42:29,83
14:42:31,85
14:42:34,85
14:42:35,83
14:42:37,84
14:42:40,84
14:42:41,83
14:42:43,84
14:42:45,85
14:42:48,85
14:42:49,86
14:42:51,85
14:42:54,84
14:42:56,82
14:42:58,80
14:43:00,80
14:43:02,82
14:43:04,84
14:43:07,84
14:43:08,83
14:43:10,82
14:43:13,82
14:43:14,83
14:43:17,87
14:43:19,88
14:43:21,86
14:43:23,84
14:43:25,87
14:43:27,91
14:43:29,90
14:43:32,90
14:43:33,84
14:43:35,82
14:43:37,81
14:43:40,80
14:43:42,80
14:43:44,78
14:43:46,79
14:43:48,81
14:43:50,82
14:43:53,82
14:43:56,82
14:43:58,83
14:44:00,85
14:44:02,87
14:44:03,88
14:44:05,90
14:44:08,90
14:44:09,91
14:44:11,92
14:44:13,90
14:44:15,91
14:44:17,90
14:44:19,93
14:44:21,92
14:44:24,92
14:44:25,93
14:44:27,89
14:44:28,88
14:44:30,86
14:44:33,86
14:44:34,85
14:44:36,84
14:44:39,84
14:44:40,85
14:44:42,87
14:44:44,86
14:44:46,85
14:44:49,85
14:44:50,85
14:44:53,85
14:44:55,84
14:44:58,84
14:44:59,85
14:45:02,85
14:45:03,86
14:45:05,87
14:45:07,89
14:45:09,90
14:45:12,90
14:45:13,89
14:45:15,90
14:45:16,91
14:45:18,90
14:45:21,90
14:45:22,93
14:45:24,94
14:45:26,93
14:45:28,92
14:45:30,91
14:45:32,90
14:45:34,89
14:45:36,86
14:45:38,84
14:45:41,84
14:45:43,86
14:45:45,86
14:45:47,87
14:45:49,91
14:45:51,93
14:45:54,93
14:45:55,92
14:45:57,91
14:45:59,90
14:46:01,89
14:46:04,90
14:46:06,93
14:46:08,95
14:46:10,92
14:46:12,90
14:46:14,89
14:46:17,89
14:46:20,89
14:46:22,90
14:46:24,91
14:46:26,92
14:46:27,91
14:46:29,90
14:46:31,88
14:46:33,87
14:46:36,87
14:46:37,88
14:46:40,88
14:46:41,90
14:46:43,89
14:46:46,89
14:46:47,92
14:46:49,94
14:46:51,92
14:46:52,91
14:46:54,90
14:46:56,91
14:46:59,91
14:47:00,94
14:47:02,96
14:47:04,97
14:47:06,95
14:47:08,91
14:47:10,89
14:47:13,89
14:47:14,88
14:47:15,87
14:47:17,86
14:47:19,85
14:47:22,85
14:47:25,85
14:47:27,86
14:47:29,87
14:47:31,88
14:47:34,88
14:47:35,87
14:47:37,84
14:47:40,85
14:47:43,85
14:47:46,86
14:47:48,88
14:47:50,89
14:47:52,90
14:47:55,90
14:47:56,91
14:47:59,91
14:48:02,90
14:48:03,89
14:48:05,87
14:48:07,86
14:48:10,86
14:48:11,88
14:48:13,87
14:48:16,87
14:48:17,85
14:48:19,83
14:48:21,84
14:48:23,85
14:48:25,86
14:48:28,85
14:48:30,84
14:48:33,84
14:48:34,85
14:48:36,86
14:48:38,87
14:48:40,88
14:48:43,88
14:48:46,89
14:48:48,90
14:48:51,88
14:48:54,88
14:48:55,86
14:48:57,85
14:48:59,86
14:49:02,86
14:49:03,84
14:49:06,84
14:49:09,84
14:49:12,84
14:49:15,84
14:49:18,82
14:49:21,82
14:49:24,82
14:49:27,82
14:49:28,83
14:49:30,86
14:49:32,88
14:49:35,88
14:49:38,87
14:49:39,87
14:49:41,85
14:49:43,83
14:49:45,82
14:49:48,82
14:49:49,83
14:49:52,83
14:49:55,81
14:49:58,81
14:49:59,82
14:50:01,81
14:50:03,80
14:50:04,79
14:50:06,78
14:50:09,78
14:50:12,80
14:50:15,80
14:50:16,81
14:50:18,82
14:50:21,82
14:50:22,83
14:50:25,83
14:50:26,84
14:50:29,84
14:50:31,86
14:50:33,87
14:50:35,88
14:50:37,88
14:50:39,89
14:50:41,88
14:50:44,88
14:50:45,89
14:50:47,88
14:50:50,88
14:50:52,89
14:50:54,90
14:50:56,89
14:50:58,88
14:51:00,89
14:51:03,89
14:51:06,89
14:51:08,88
14:51:10,87
14:51:12,88
14:51:15,89
14:51:18,89
14:51:19,90
14:51:21,89
14:51:23,90
14:51:25,91
14:51:27,90
14:51:30,90
14:51:31,88
14:51:34,88
14:51:35,88
14:51:38,88
14:51:39,90
14:51:40,91
14:51:42,89
14:51:45,89
14:51:46,88
14:51:48,89
14:51:51,89
14:51:52,88
14:51:55,88
14:51:56,87
14:51:58,86
14:52:01,86
14:52:04,86
14:52:05,87
14:52:08,87
14:52:09,89
14:52:11,93
14:52:13,96
14:52:15,97
14:52:18,97
14:52:21,96
14:52:24,96
14:52:25,95
14:52:27,96
14:52:28,97
14:52:30,97
14:52:33,97
14:52:36,96
14:52:39,96
14:52:42,95
14:52:44,94
14:52:47,94
14:52:48,90
14:52:50,87
14:52:51,84
14:52:53,83
14:52:55,84
14:52:57,85
14:53:00,85
14:53:03,85
14:53:05,86
14:53:07,85
14:53:10,85
14:53:13,83
14:53:15,82
14:53:16,83
14:53:18,86
14:53:20,87
14:53:22,85
14:53:25,85
14:53:28,86
14:53:31,86
14:53:32,87
14:53:34,88
14:53:37,88
14:53:39,89
14:53:41,90
14:53:44,90
14:53:47,89
14:53:49,90
14:53:51,91
14:53:53,92
14:53:55,94
14:53:57,95
14:53:59,94
14:54:01,93
14:54:04,94
14:54:07,94
14:54:08,92
14:54:11,92
14:54:12,93
14:54:14,94
14:54:16,95
14:54:18,96
14:54:21,96
14:54:24,95
14:54:26,94
14:54:29,94
14:54:31,93
14:54:33,92
14:54:35,90
14:54:37,89
14:54:40,89
14:54:41,88
14:54:44,88
14:54:47,88
14:54:50,88
14:54:53,88
14:54:56,88
14:54:59,88
14:55:00,89
14:55:02,90
14:55:05,90
14:55:06,91
14:55:09,91
14:55:10,89
14:55:13,89
14:55:14,90
14:55:17,91
14:55:20,91
14:55:21,90
14:55:24,90
14:55:25,92
14:55:28,92
14:55:31,92
14:55:34,92
14:55:35,93
14:55:37,94
14:55:39,97
14:55:40,96
14:55:42,95
14:55:44,93
14:55:46,91
14:55:49,91
14:55:50,92
14:55:52,91
14:55:55,91
14:55:58,91
14:56:00,93
14:56:03,92
14:56:05,91
14:56:08,91
14:56:09,92
14:56:11,93
14:56:13,94
14:56:15,95
14:56:17,94
14:56:20,94
14:56:23,94
14:56:26,94
14:56:27,93
14:56:28,94
14:56:30,95
14:56:32,95
14:56:34,94
14:56:36,95
14:56:38,96
14:56:40,95
14:56:43,95
14:56:46,96
14:56:48,99
14:56:50,98
14:56:51,97
14:56:53,93
14:56:55,94
14:56:57,95
14:57:00,95
14:57:03,95
14:57:05,94
14:57:08,94
14:57:09,96
14:57:11,98
14:57:13,102
14:57:15,100
14:57:18,99
14:57:20,98
14:57:23,98
14:57:24,97
14:57:26,98
14:57:29,98
14:57:30,96
14:57:32,97
14:57:34,96
14:57:36,95
14:57:38,94
14:57:39,93
14:57:41,92
14:57:43,90
14:57:46,90
14:57:47,92
14:57:50,92
14:57:53,92
14:57:55,94
14:57:57,95
14:57:59,95
14:58:01,94
14:58:03,93
14:58:04,92
14:58:06,91
14:58:08,92
14:58:10,88
14:58:12,90
14:58:14,89
14:58:16,88
14:58:18,87
14:58:20,86
14:58:22,85
14:58:24,84
14:58:27,84
14:58:29,86
14:58:32,86
14:58:35,88
14:58:38,88
14:58:41,89
14:58:43,91
14:58:45,92
14:58:47,93
14:58:49,94
14:58:51,96
14:58:52,95
14:58:55,95
14:58:56,94
14:58:58,93
14:59:00,91
14:59:02,90
14:59:04,93
14:59:07,93
14:59:08,95
14:59:10,96
14:59:12,99
14:59:14,107
14:59:15,106
14:59:17,104
14:59:19,93
14:59:21,89
14:59:23,88
14:59:25,87
14:59:27,88
14:59:30,88
14:59:31,90
14:59:33,86
14:59:35,84
14:59:37,83
14:59:40,86
14:59:42,87
14:59:44,88
14:59:46,90
14:59:48,91
14:59:50,92
14:59:53,92
14:59:54,88
14:59:56,89
14:59:58,93
15:00:00,94
15:00:02,95
15:00:03,96
15:00:05,95
15:00:07,94
15:00:09,92
15:00:11,90
15:00:13,88
15:00:16,88
15:00:17,89
15:00:19,88
15:00:22,88
15:00:23,89
15:00:26,89
15:00:29,89
15:00:32,93
15:00:34,94
15:00:36,95
15:00:38,94
15:00:40,91
15:00:42,90
15:00:44,88
15:00:46,86
15:00:48,84
15:00:50,85
15:00:51,87
15:00:54,87
15:00:55,89
15:00:57,91
15:00:59,94
15:01:02,94
15:01:03,92
15:01:05,88
15:01:07,86
15:01:09,85
15:01:11,83
15:01:13,82
15:01:16,81
15:01:19,81
15:01:20,81
15:01:23,81
15:01:24,82
15:01:26,84
15:01:28,85
15:01:30,86
15:01:32,88
15:01:34,89
15:01:36,93
15:01:38,95
15:01:39,96
15:01:42,96
15:01:43,97
15:01:45,94
15:01:47,93
15:01:49,92
15:01:51,94
15:01:54,94
15:01:55,95
15:01:58,95
15:01:59,97
15:02:02,97
15:02:03,97
15:02:04,96
15:02:06,97
15:02:09,97
15:02:12,95
15:02:15,95
15:02:16,97
15:02:19,97
15:02:20,101
15:02:22,102
15:02:24,103
15:02:27,105
15:02:29,103
15:02:32,103
15:02:33,104
15:02:36,104
15:02:39,104
15:02:42,104
15:02:43,103
15:02:46,103
15:02:47,104
15:02:50,104
15:02:51,103
15:02:54,103
15:02:56,102
15:02:58,101
15:03:01,101
15:03:02,100
15:03:04,98
15:03:06,97
15:03:08,96
15:03:10,98
15:03:12,99
15:03:14,97
15:03:15,98
15:03:18,98
15:03:19,99
15:03:21,102
15:03:23,106
15:03:25,107
15:03:28,107
15:03:31,107
15:03:33,108
15:03:36,108
15:03:39,107
15:03:40,106
15:03:42,107
15:03:45,107
15:03:46,106
15:03:48,105
15:03:50,108
15:03:52,107
15:03:54,110
15:03:56,109
15:03:58,108
15:04:00,107
15:04:02,106
15:04:03,105
15:04:05,107
15:04:07,106
15:04:10,106
15:04:11,108
15:04:13,105
15:04:16,105
15:04:17,105
15:04:19,102
15:04:21,98
15:04:23,97
15:04:26,97
15:04:28,98
15:04:31,98
15:04:34,98
15:04:37,98
15:04:40,98
15:04:42,100
15:04:44,101
15:04:46,100
15:04:49,100
15:04:51,99
15:04:53,100
15:04:55,101
15:04:57,103
15:04:59,105
15:05:01,107
15:05:04,107
15:05:07,107
15:05:09,106
15:05:11,105
15:05:14,105
15:05:15,104
15:05:16,105
15:05:18,106
15:05:20,108
15:05:22,106
15:05:24,104
15:05:27,104
15:05:30,103
15:05:33,103
15:05:36,101
15:05:38,102
15:05:39,103
15:05:42,103
15:05:45,99
15:05:47,97
15:05:49,94
15:05:51,91
15:05:53,90
15:05:56,90
15:05:57,91
15:05:59,93
15:06:01,94
15:06:03,95
15:06:04,94
15:06:06,95
15:06:08,96
15:06:10,97
15:06:12,99
15:06:14,100
15:06:16,97
15:06:18,93
15:06:20,90
15:06:23,90
15:06:24,93
15:06:26,92
15:06:27,90
15:06:29,88
15:06:31,87
15:06:33,86
15:06:35,87
15:06:38,87
15:06:39,88
15:06:41,89
15:06:43,87
15:06:45,86
15:06:47,85
15:06:50,85
15:06:51,86
15:06:53,87
15:06:55,88
15:06:58,87
15:07:01,87
15:07:02,88
15:07:04,89
15:07:06,88
15:07:09,88
15:07:10,87
15:07:12,88
15:07:14,91
15:07:16,93
15:07:18,94
15:07:19,91
15:07:21,95
15:07:23,100
15:07:25,103
15:07:27,102
15:07:30,102
15:07:31,101
15:07:33,100
15:07:35,95
15:07:37,100
15:07:40,100
15:07:43,100
15:07:44,98
15:07:46,99
15:07:49,99
15:07:50,100
15:07:52,102
15:07:55,102
15:07:56,101
15:07:58,100
15:08:00,101
15:08:02,102
15:08:05,102
15:08:06,100
15:08:07,99
15:08:09,100
15:08:12,100
15:08:13,102
15:08:16,102
15:08:17,101
15:08:19,100
15:08:22,100
15:08:25,100
15:08:28,100
15:08:29,99
15:08:31,97
15:08:32,97
15:08:34,98
15:08:36,97
15:08:39,97
15:08:42,98
15:08:44,99
15:08:47,99
15:08:50,99
15:08:53,99
15:08:54,98
15:08:55,101
15:08:57,102
15:08:59,100
15:09:02,100
15:09:03,102
15:09:05,104
15:09:07,103
15:09:09,101
15:09:11,98
15:09:14,98
15:09:15,100
15:09:18,100
15:09:21,100
15:09:24,100
15:09:26,99
15:09:29,99
15:09:30,100
15:09:32,100
15:09:34,99
15:09:37,99
15:09:38,98
15:09:41,98
15:09:42,97
15:09:43,96
15:09:45,94
15:09:48,94
15:09:49,93
15:09:51,94
15:09:53,95
15:09:55,96
15:09:58,96
15:09:59,95
15:10:01,96
15:10:04,96
15:10:05,94
15:10:07,95
15:10:08,94
15:10:11,94
15:10:14,94
15:10:17,94
15:10:18,95
15:10:20,94
15:10:22,92
15:10:24,91
15:10:26,87
15:10:28,86
15:10:30,88
15:10:31,89
15:10:33,93
15:10:36,93
15:10:37,95
15:10:39,96
15:10:42,96
15:10:43,95
15:10:45,96
15:10:47,97
15:10:49,98
15:10:52,98
15:10:53,99
15:10:56,99
15:10:59,99
15:11:00,102
15:11:02,103
15:11:04,102
15:11:07,102
15:11:08,101
15:11:11,101
15:11:14,102
15:11:16,100
15:11:18,99
15:11:19,100
15:11:21,99
15:11:23,100
15:11:25,99
15:11:28,99
15:11:29,100
15:11:31,102
15:11:33,101
15:11:36,101
15:11:39,100
15:11:42,100
15:11:43,96
15:11:46,94
15:11:49,94
15:11:50,96
15:11:52,93
15:11:54,91
15:11:56,88
15:11:59,88
15:12:00,89
15:12:03,89
15:12:06,89
15:12:09,90
15:12:12,90
15:12:13,89
15:12:16,89
15:12:19,88
15:12:21,89
15:12:23,90
15:12:26,90
15:12:27,91
15:12:30,91
15:12:31,94
15:12:32,95
15:12:34,96
15:12:36,97
15:12:38,95
15:12:41,95
15:12:44,95
15:12:46,94
15:12:49,94
15:12:52,91
15:12:54,94
15:12:55,96
15:12:58,96
15:12:59,97
15:13:01,98
15:13:03,100
15:13:05,101
15:13:08,101
15:13:09,103
15:13:11,106
15:13:13,108
15:13:16,108
15:13:17,107
15:13:19,106
15:13:22,104
15:13:25,104
15:13:26,103
15:13:29,103
15:13:30,101
15:13:32,100
15:13:34,98
15:13:36,99
15:13:39,99
15:13:40,98
15:13:42,100
15:13:43,96
15:13:46,96
15:13:49,96
15:13:51,97
15:13:53,98
15:13:56,98
15:13:59,98
15:14:01,99
15:14:03,104
15:14:05,106
15:14:07,103
15:14:08,102
15:14:11,102
15:14:12,100
15:14:14,98
15:14:16,99
15:14:18,98
15:14:20,97
15:14:22,96
15:14:24,98
15:14:26,100
15:14:29,100
15:14:32,100
15:14:35,99
15:14:37,101
15:14:40,101
15:14:41,100
15:14:43,99
15:14:46,99
15:14:49,98
15:14:51,102
15:14:53,104
15:14:55,106
15:14:58,109
15:15:00,108
15:15:02,109
15:15:05,109
15:15:06,110
15:15:08,111
15:15:11,111
15:15:12,112
15:15:15,112
15:15:16,109
15:15:18,107
15:15:19,106
15:15:22,106
15:15:23,104
15:15:25,103
15:15:28,103
15:15:29,104
15:15:31,103
15:15:33,102
15:15:36,102
15:15:37,100
15:15:40,100
15:15:41,99
15:15:43,96
15:15:46,97
15:15:48,99
15:15:50,101
15:15:53,101
15:15:56,101
15:15:59,101
15:16:00,98
15:16:02,100
15:16:04,97
15:16:06,98
15:16:07,101
15:16:09,100
15:16:11,99
15:16:13,101
15:16:15,100
15:16:18,100
15:16:19,101
15:16:22,101
15:16:23,100
15:16:25,101
15:16:27,100
15:16:29,99
15:16:31,100
15:16:32,99
15:16:34,100
15:16:37,100
15:16:40,99
15:16:43,99
15:16:44,100
15:16:47,100
15:16:48,101
15:16:50,100
15:16:52,98
15:16:54,97
15:16:55,99
15:16:57,100
15:17:00,100
15:17:03,99
15:17:05,100
15:17:07,99
15:17:09,97
15:17:11,96
15:17:14,96
15:17:17,96
15:17:19,98
15:17:20,97
15:17:22,96
15:17:25,96
15:17:26,98
15:17:28,100
15:17:30,99
15:17:32,98
15:17:34,99
15:17:36,98
15:17:39,98
15:17:42,99
15:17:45,98
15:17:47,99
15:17:50,99
15:17:53,98
15:17:56,98
15:17:59,99
15:18:02,99
15:18:05,99
15:18:08,99
15:18:11,99
15:18:12,100
15:18:14,99
15:18:17,99
15:18:20,99
15:18:22,98
15:18:25,98
15:18:28,99
15:18:30,100
15:18:33,100
15:18:35,99
15:18:38,99
15:18:39,101
15:18:41,102
15:18:44,102
15:18:47,102
15:18:49,101
15:18:52,101
15:18:55,100
15:18:56,101
15:18:59,101
15:19:00,102
15:19:03,102
15:19:04,100
15:19:06,99
15:19:08,100
15:19:10,101
15:19:12,100
15:19:14,100
15:19:17,100
15:19:20,100
15:19:21,99
15:19:24,99
15:19:27,99
15:19:29,100
15:19:32,100
15:19:35,99
15:19:37,98
15:19:39,99
15:19:41,101
15:19:44,101
15:19:47,101
15:19:48,102
15:19:50,103
15:19:52,101
15:19:54,102
15:19:56,101
15:19:58,102
15:20:00,101
15:20:02,100
15:20:04,99
15:20:07,100
15:20:09,99
15:20:12,99
15:20:13,100
15:20:16,100
15:20:17,101
15:20:19,104
15:20:21,103
15:20:23,104
15:20:25,103
15:20:27,101
15:20:30,101
15:20:31,103
15:20:32,104
15:20:34,105
15:20:36,104
15:20:38,103
15:20:41,103
15:20:42,102
15:20:44,100
15:20:46,99
15:20:48,98
15:20:50,96
15:20:53,96
15:20:56,96
15:20:59,97
15:21:01,100
15:21:04,100
15:21:07,102
15:21:09,103
15:21:11,101
15:21:13,99
15:21:15,96
15:21:17,94
15:21:19,93
15:21:20,95
15:21:22,96
15:21:24,92
15:21:26,87
15:21:28,84
15:21:30,83
15:21:32,82
15:21:35,82
15:21:36,82
15:21:38,86
15:21:40,88
15:21:42,90
15:21:43,91
15:21:46,91
15:21:49,93
15:21:51,94
15:21:53,92
15:21:55,90
15:21:57,89
15:21:59,88
15:22:01,87
15:22:03,88
15:22:05,90
15:22:07,91
15:22:08,90
15:22:10,89
15:22:12,87
15:22:15,87
15:22:16,90
15:22:19,90
15:22:22,89
15:22:25,89
15:22:26,91
15:22:28,94
15:22:30,93
15:22:31,92
15:22:33,93
15:22:35,95
15:22:37,96
15:22:39,93
15:22:41,90
15:22:43,88
15:22:46,88
15:22:47,86
15:22:50,86
15:22:51,85
15:22:53,84
15:22:56,84
15:22:59,84
15:23:00,86
15:23:03,86
15:23:06,85
15:23:09,85
15:23:10,86
15:23:13,86
15:23:14,85
15:23:16,87
15:23:18,88
15:23:19,89
15:23:21,87
15:23:24,87
15:23:27,87
15:23:29,87
15:23:32,87
15:23:35,88
15:23:37,89
15:23:40,89
15:23:41,91
15:23:43,90
15:23:44,88
15:23:47,88
15:23:48,89
15:23:51,89
15:23:52,90
15:23:54,89
15:23:56,88
15:23:58,87
15:24:00,86
15:24:03,86
15:24:04,87
15:24:06,88
15:24:07,90
15:24:10,90
15:24:11,89
15:24:14,89
15:24:17,90
15:24:19,89
15:24:22,89
15:24:23,90
15:24:25,91
15:24:27,92
15:24:29,93
15:24:32,93
15:24:34,92
15:24:36,91
15:24:38,90
15:24:41,90
15:24:44,90
15:24:46,91
15:24:48,92
15:24:50,93
15:24:52,94
15:24:55,94
15:24:57,96
15:24:59,95
15:25:01,93
15:25:03,91
15:25:05,89
15:25:08,89
15:25:09,91
15:25:11,92
15:25:13,93
15:25:15,95
15:25:18,95
15:25:20,94
15:25:23,94
15:25:24,94
15:25:27,94
15:25:30,95
15:25:32,96
15:25:35,96
15:25:38,95
15:25:41,95
15:25:43,94
15:25:46,94
15:25:49,93
15:25:52,93
15:25:55,93
15:25:57,92
15:26:00,92
15:26:03,91
15:26:05,93
15:26:07,94
15:26:10,93
15:26:12,94
15:26:14,93
15:26:17,93
15:26:18,92
15:26:20,93
15:26:23,93
15:26:26,93
15:26:28,92
15:26:31,91
15:26:33,91
15:26:36,91
15:26:37,90
15:26:39,88
15:26:41,87
15:26:44,87
15:26:45,88
15:26:47,89
15:26:49,88
15:26:52,88
15:26:53,87
15:26:55,86
15:26:56,87
15:26:59,87
15:27:00,88
15:27:02,89
15:27:04,90
15:27:07,90
15:27:08,90
15:27:10,88
15:27:12,86
15:27:14,84
15:27:17,84
15:27:18,83
15:27:19,82
15:27:21,81
15:27:23,80
15:27:25,80
15:27:28,80
15:27:31,78
15:27:34,78
15:27:35,78
15:27:38,78
15:27:41,78
15:27:43,77
15:27:44,76
15:27:47,76
15:27:48,77
15:27:50,78
15:27:52,80
15:27:54,80
15:27:56,82
15:27:58,84
15:28:00,85
15:28:02,85
15:28:04,83
15:28:06,82
15:28:07,80
15:28:09,80
15:28:11,82
15:28:14,82
15:28:15,83
15:28:18,83
15:28:19,84
15:28:21,84
15:28:23,85
15:28:25,88
15:28:27,91
15:28:30,91
15:28:31,89
15:28:32,87
15:28:34,85
15:28:36,84
15:28:39,84
15:28:42,84
15:28:45,84
15:28:46,85
15:28:48,84
15:28:51,84
15:28:54,83
15:28:57,82
15:28:59,83
15:29:01,84
15:29:03,82
15:29:05,80
15:29:08,80
15:29:11,80
15:29:13,82
15:29:15,84
15:29:17,87
15:29:19,90
15:29:20,92
15:29:23,92
15:29:24,91
15:29:26,89
15:29:28,88
15:29:30,86
15:29:32,85
15:29:34,84
15:29:37,84
15:29:38,83
15:29:40,83
15:29:42,84
15:29:43,83
15:29:45,84
15:29:48,84
15:29:49,83
15:29:51,84
15:29:53,85
15:29:55,84
15:29:57,83
15:30:00,83
15:30:03,83
15:30:05,82
15:30:07,84
15:30:10,84
15:30:13,84
15:30:14,83
15:30:16,82
15:30:18,83
15:30:20,84
15:30:22,84
15:30:24,85
15:30:26,86
15:30:29,86
15:30:32,86
15:30:33,86
15:30:35,86
15:30:37,87
15:30:39,88
15:30:41,90
15:30:44,90
15:30:45,89
15:30:47,88
15:30:49,87
15:30:52,87
15:30:53,86
15:30:55,84
15:30:56,83
15:30:58,84
15:31:01,84
15:31:04,84
15:31:06,83
15:31:08,80
15:31:10,79
15:31:12,79
15:31:14,78
15:31:17,78
15:31:18,79
15:31:19,78
15:31:21,79
15:31:23,78
15:31:25,77
15:31:27,78
15:31:29,79
15:31:31,82
15:31:33,83
15:31:36,83
15:31:37,84
15:31:40,84
15:31:41,82
15:31:44,81
15:31:46,80
15:31:48,76
15:31:51,76
15:31:52,74
15:31:54,73
15:31:56,75
15:31:58,74
15:32:01,74
15:32:04,74
15:32:06,73
15:32:07,72
15:32:10,72
15:32:13,71
15:32:15,73
15:32:17,75
15:32:19,77
15:32:21,78
15:32:23,80
15:32:25,79
15:32:27,80
15:32:30,80
15:32:31,75
15:32:32,77
15:32:34,81
15:32:37,81
15:32:38,85
15:32:41,85
15:32:42,84
15:32:45,84
15:32:46,82
15:32:49,82
15:32:52,82
15:32:54,84
15:32:55,85
15:32:57,87
15:33:00,87
15:33:01,90
15:33:03,91
15:33:05,88
15:33:07,86
15:33:10,86
15:33:13,85
15:33:15,83
15:33:17,83
15:33:19,83
15:33:22,84
15:33:25,84
15:33:28,84
15:33:30,85
15:33:32,86
15:33:34,84
15:33:37,84
15:33:40,83
15:33:42,86
15:33:43,87
15:33:45,86
15:33:47,87
15:33:50,87
15:33:53,87
15:33:56,87
15:33:59,88
15:34:01,87
15:34:04,87
15:34:07,86
15:34:08,84
15:34:10,83
15:34:12,81
15:34:14,82
15:34:17,82
15:34:18,85
15:34:20,86
15:34:22,87
15:34:24,88
15:34:26,89
15:34:28,90
15:34:30,88
15:34:31,84
15:34:33,83
15:34:35,84
15:34:37,85
15:34:40,85
15:34:41,84
15:34:43,83
15:34:45,82
15:34:47,83
15:34:50,83
15:34:53,85
15:34:55,89
15:34:56,88
15:34:58,87
15:35:00,88
15:35:02,88
15:35:04,86
15:35:07,86
15:35:08,85
15:35:10,86
15:35:12,87
15:35:15,87
15:35:18,90
15:35:19,89
15:35:22,89
15:35:23,88
15:35:25,90
15:35:27,92
15:35:30,92
15:35:31,89
15:35:33,88
15:35:35,89
15:35:37,89
15:35:39,88
15:35:41,84
15:35:44,83
15:35:46,85
15:35:48,90
15:35:50,89
15:35:52,92
15:35:54,94
15:35:56,93
15:35:58,98
15:36:00,94
15:36:02,89
15:36:04,87
15:36:06,86
15:36:09,88
15:36:12,88
15:36:13,90
15:36:15,91
15:36:17,90
15:36:19,88
15:36:21,88
15:36:23,90
15:36:25,93
15:36:28,93
15:36:31,92
15:36:32,94
15:36:34,94
15:36:36,94
15:36:38,97
15:36:40,98
15:36:42,101
15:36:44,102
15:36:46,101
15:36:48,104
15:36:50,107
15:36:53,107
15:36:54,105
15:36:55,102
15:36:57,103
15:36:59,105
15:37:02,105
15:37:03,104
15:37:06,104
15:37:07,106
15:37:09,105
15:37:11,101
15:37:13,100
15:37:15,103
15:37:17,101
15:37:19,106
15:37:20,110
15:37:22,109
15:37:24,104
15:37:26,108
15:37:28,107
15:37:30,108
15:37:32,109
15:37:34,108
15:37:36,109
15:37:38,111
15:37:40,109
15:37:42,110
15:37:45,109
15:37:47,109
15:37:49,111
15:37:52,111
15:37:53,112
15:37:55,114
15:37:57,109
15:37:59,112
15:38:01,116
15:38:03,113
15:38:05,108
15:38:07,114
15:38:10,114
15:38:11,118
15:38:13,116
15:38:15,107
15:38:16,110
15:38:18,115
15:38:20,114
15:38:22,116
15:38:24,118
15:38:26,122
15:38:28,113
15:38:30,109
15:38:32,101
15:38:34,91
15:38:36,102
15:38:38,75
15:38:39,74
15:38:41,79
15:38:43,75
15:38:45,73
15:38:47,74
15:38:50,74
15:38:51,73
15:38:53,72
15:38:56,72
15:38:59,73
15:39:02,73
15:39:03,76
15:39:04,75
15:39:07,75
15:39:08,73
15:39:10,72
15:39:12,74
15:39:14,76
15:39:17,76
15:39:18,82
15:39:20,83
15:39:22,88
15:39:24,92
15:39:26,91
15:39:27,90
15:39:30,90
15:39:31,83
15:39:33,85
15:39:35,84
15:39:37,75
15:39:39,71
15:39:41,69
15:39:43,70
15:39:45,69
15:39:47,70
15:39:49,72
15:39:51,73
15:39:52,82
15:39:54,84
15:39:57,84
15:40:00,86
15:40:02,89
15:40:04,92
15:40:06,91
15:40:08,90
15:40:10,88
15:40:12,82
15:40:14,77
15:40:15,78
15:40:17,76
15:40:20,76
15:40:23,77
15:40:26,77
15:40:27,78
15:40:29,77
15:40:32,77
15:40:35,76
15:40:37,78
15:40:40,78
15:40:43,78
15:40:44,79
15:40:46,80
15:40:48,83
15:40:50,88
15:40:52,92
15:40:54,93
15:40:56,89
15:40:58,85
15:41:00,84
15:41:02,81
15:41:03,80
15:41:05,81
15:41:07,83
15:41:09,82
15:41:11,79
15:41:14,79
15:41:15,78
15:41:17,77
15:41:20,77
15:41:21,78
15:41:24,78
15:41:25,79
15:41:27,83
15:41:28,84
15:41:30,83
15:41:32,87
15:41:34,88
15:41:36,90
15:41:38,85
15:41:40,84
15:41:42,85
15:41:44,83
15:41:46,84
15:41:48,85
15:41:50,83
15:41:51,81
15:41:53,82
15:41:56,82
15:41:57,84
15:41:59,89
15:42:01,95
15:42:03,87
15:42:05,83
15:42:07,82
15:42:09,80
15:42:11,79
15:42:13,80
15:42:16,80
15:42:18,81
15:42:21,81
15:42:22,80
15:42:24,78
15:42:27,78
15:42:28,77
15:42:30,76
15:42:33,76
15:42:34,75
15:42:37,75
15:42:38,77
15:42:39,79
15:42:42,79
15:42:43,77
15:42:45,76
15:42:47,78
15:42:49,80
15:42:51,81
15:42:53,81
15:42:55,80
15:42:58,80
15:42:59,82
15:43:01,85
15:43:03,86
15:43:06,84
15:43:08,83
15:43:10,82
15:43:12,83
15:43:15,83
15:43:16,84
15:43:19,84
15:43:20,85
15:43:22,84
15:43:24,83
15:43:26,82
15:43:29,80
15:43:31,79
15:43:34,79
15:43:35,78
15:43:37,76
15:43:39,75
15:43:41,77
15:43:43,78
15:43:45,79
15:43:47,81
15:43:49,83
15:43:52,84
15:43:54,80
15:43:57,80
15:43:58,82
15:44:01,82
15:44:04,82
15:44:06,81
15:44:08,80
15:44:10,79
15:44:12,78
15:44:15,79
15:44:18,79
15:44:19,81
15:44:21,83
15:44:24,83
15:44:25,86
15:44:27,87
15:44:29,88
15:44:32,88
15:44:33,84
15:44:35,85
15:44:38,85
15:44:39,87
15:44:40,88
15:44:42,85
15:44:44,83
15:44:46,83
15:44:48,84
15:44:50,85
15:44:52,84
15:44:54,86
15:44:56,87
15:44:58,85
15:45:00,82
15:45:02,79
15:45:05,78
15:45:07,77
15:45:09,78
15:45:11,80
15:45:13,89
15:45:16,89
15:45:17,80
15:45:19,79
15:45:21,80
15:45:24,80
15:45:27,81
15:45:28,86
15:45:30,87
15:45:32,86
15:45:35,86
15:45:36,83
15:45:38,83
15:45:40,82
15:45:42,82
15:45:44,83
15:45:47,83
15:45:50,81
15:45:53,81
15:45:56,81
15:45:57,80
15:45:59,79
15:46:01,78
15:46:04,78
15:46:07,79
15:46:09,79
15:46:12,79
15:46:15,82
15:46:18,81
15:46:20,82
15:46:22,83
15:46:24,84
15:46:27,84
15:46:28,86
15:46:30,87
15:46:32,86
15:46:35,86
15:46:36,85
15:46:38,82
15:46:39,81
15:46:41,80
15:46:43,79
15:46:45,78
15:46:47,77
15:46:49,75
15:46:51,74
15:46:53,73
15:46:56,73
15:46:57,75
15:46:59,78
15:47:01,79
15:47:03,79
15:47:06,79
15:47:08,78
15:47:11,78
15:47:14,78
15:47:16,79
15:47:18,80
15:47:21,80
15:47:22,81
15:47:25,81
15:47:26,83
15:47:27,82
15:47:29,80
15:47:32,80
15:47:35,80
15:47:37,79
15:47:39,77
15:47:41,76
15:47:43,78
15:47:45,82
15:47:47,83
15:47:49,82
15:47:51,80
15:47:52,79
15:47:55,79
15:47:56,80
15:47:58,81
15:48:00,79
15:48:02,78
15:48:05,78
15:48:08,79
15:48:11,79
15:48:12,80
15:48:15,80
15:48:17,79
15:48:20,79
15:48:21,80
15:48:24,80
15:48:25,83
15:48:27,84
15:48:30,84
15:48:31,83
15:48:33,82
15:48:35,81
15:48:37,82
15:48:39,83
15:48:42,83
15:48:45,83
15:48:48,86
15:48:50,88
15:48:52,89
15:48:55,89
15:48:56,88
15:48:59,88
15:49:02,87
15:49:03,86
15:49:05,84
15:49:08,84
15:49:11,83
15:49:14,83
15:49:15,84
15:49:18,84
15:49:19,85
15:49:21,86
15:49:23,86
15:49:25,88
15:49:27,90
15:49:30,88
15:49:33,88
15:49:34,86
15:49:36,84
15:49:39,84
15:49:42,85
15:49:45,85
15:49:48,84
15:49:50,83
15:49:51,84
15:49:53,85
15:49:55,86
15:49:57,87
15:50:00,87
15:50:01,86
15:50:03,85
15:50:05,84
15:50:08,84
15:50:11,84
15:50:13,83
15:50:15,84
15:50:18,84
15:50:20,82
15:50:22,81
15:50:24,79
15:50:26,78
15:50:29,78
15:50:32,77
15:50:34,78
15:50:36,80
15:50:39,81
15:50:41,78
15:50:43,75
15:50:45,74
15:50:48,74
15:50:51,74
15:50:53,75
15:50:56,75
15:50:57,76
15:50:59,78
15:51:01,77
15:51:04,76
15:51:06,75
15:51:09,75
15:51:10,76
15:51:12,78
15:51:14,77
15:51:17,77
15:51:18,76
15:51:21,76
15:51:22,77
15:51:24,78
15:51:26,77
15:51:27,76
15:51:30,76
15:51:31,77
15:51:33,77
15:51:36,77
15:51:39,78
15:51:41,79
15:51:44,79
15:51:45,77
15:51:47,76
15:51:49,78
15:51:52,79
15:51:54,80
15:51:56,81
15:51:58,82
15:52:00,83
15:52:02,82
15:52:05,82
15:52:08,80
15:52:10,79
15:52:12,80
15:52:14,82
15:52:15,83
15:52:17,82
15:52:19,83
15:52:21,84
15:52:23,82
15:52:26,82
15:52:27,83
15:52:29,84
15:52:31,85
15:52:33,83
15:52:35,82
15:52:38,82
15:52:39,81
15:52:40,82
15:52:43,82
15:52:44,80
15:52:46,81
15:52:49,81
15:52:50,83
15:52:52,85
15:52:54,87
15:52:56,89
15:52:59,89
15:53:00,88
15:53:02,90
15:53:05,90
15:53:07,89
15:53:09,87
15:53:11,86
15:53:13,87
15:53:16,87
15:53:17,86
15:53:19,84
15:53:22,84
15:53:25,84
15:53:27,83
15:53:28,82
15:53:31,82
15:53:34,82
15:53:36,83
15:53:38,85
15:53:40,86
15:53:42,85
15:53:44,86
15:53:46,87
15:53:49,87
15:53:51,84
15:53:53,82
15:53:56,82
15:53:57,83
15:53:59,85
15:54:02,85
15:54:03,82
15:54:05,80
15:54:08,80
15:54:11,80
15:54:13,81
15:54:15,80
15:54:18,82
15:54:20,80
15:54:22,81
15:54:24,80
15:54:26,82
15:54:28,85
15:54:30,84
15:54:32,85
15:54:34,86
15:54:37,86
15:54:38,83
15:54:41,84
15:54:43,86
15:54:45,88
15:54:47,89
15:54:49,92
15:54:51,91
15:54:54,91
15:54:55,90
15:54:57,89
15:54:59,90
15:55:01,91
15:55:03,89
15:55:04,87
15:55:06,88
15:55:09,88
15:55:10,89
15:55:13,89
15:55:14,91
15:55:17,91
15:55:18,90
15:55:20,90
15:55:22,87
15:55:24,86
15:55:27,87
15:55:29,86
15:55:32,86
15:55:33,88
15:55:35,89
15:55:37,94
15:55:40,94
15:55:41,95
15:55:44,95
15:55:45,94
15:55:47,95
15:55:50,95
15:55:51,93
15:55:52,96
15:55:54,95
15:55:56,94
15:55:58,95
15:56:00,94
15:56:03,94
15:56:04,91
15:56:06,90
15:56:09,90
15:56:10,91
15:56:12,89
15:56:14,90
15:56:17,90
15:56:19,91
15:56:21,92
15:56:23,91
15:56:25,93
15:56:27,94
15:56:29,94
15:56:31,92
15:56:33,90
15:56:35,86
15:56:37,82
15:56:39,81
15:56:40,83
15:56:42,83
15:56:44,84
15:56:46,85
15:56:48,86
15:56:50,87
15:56:52,88
15:56:54,89
15:56:56,90
15:56:58,89
15:57:00,90
15:57:02,92
15:57:03,91
15:57:05,93
15:57:07,91
15:57:09,90
15:57:12,90
15:57:15,88
15:57:17,92
15:57:19,94
15:57:21,91
15:57:23,92
15:57:25,89
15:57:27,88
15:57:28,90
15:57:31,90
15:57:32,92
15:57:34,93
15:57:36,96
15:57:38,97
15:57:40,95
15:57:43,95
15:57:44,93
15:57:47,93
15:57:50,91
15:57:53,90
15:57:55,89
15:57:57,88
15:57:59,83
15:58:02,83
15:58:03,84
15:58:05,83
15:58:08,83
15:58:09,84
15:58:12,84
15:58:13,86
15:58:16,83
15:58:18,82
15:58:20,81
15:58:22,80
15:58:24,81
15:58:26,82
15:58:29,82
15:58:30,80
15:58:32,80
15:58:34,79
15:58:36,80
15:58:38,81
15:58:39,82
15:58:42,82
15:58:43,84
15:58:45,87
15:58:47,85
15:58:49,83
15:58:51,84
15:58:53,83
15:58:55,81
15:58:57,80
15:58:59,83
15:59:01,85
15:59:04,83
15:59:06,82
15:59:08,83
15:59:10,85
15:59:13,85
15:59:14,86
15:59:16,85
15:59:19,85
15:59:20,84
15:59:22,83
15:59:25,83
15:59:26,84
15:59:27,82
15:59:29,80
15:59:31,79
15:59:33,78
15:59:35,77
15:59:37,76
15:59:39,77
15:59:41,79
15:59:44,79
15:59:45,77
15:59:47,78
15:59:49,79
15:59:51,80
15:59:52,82
15:59:54,84
15:59:57,84
15:59:58,83
16:00:01,83
16:00:02,82
16:00:05,82
16:00:08,82
16:00:11,82
16:00:12,81
16:00:14,82
16:00:17,82
16:00:20,82
16:00:23,83
16:00:26,83
16:00:27,84
16:00:29,85
16:00:32,85
16:00:35,83
16:00:37,82
16:00:39,81
16:00:42,81
16:00:44,83
16:00:46,86
16:00:48,90
16:00:50,91
16:00:52,89
16:00:54,88
16:00:56,85
16:00:58,86
16:01:01,86
16:01:02,84
16:01:05,84
16:01:08,84
16:01:11,83
16:01:14,83
16:01:15,82
16:01:18,82
16:01:19,81
16:01:21,80
16:01:23,82
16:01:25,81
16:01:27,83
16:01:28,84
16:01:30,83
16:01:33,83
16:01:34,84
16:01:36,82
16:01:38,84
16:01:41,84
16:01:44,85
16:01:47,85
16:01:48,84
16:01:51,84
16:01:53,84
16:01:55,86
16:01:58,86
16:01:59,85
16:02:01,84
16:02:04,84
16:02:05,82
16:02:07,83
16:02:09,85
16:02:11,87
16:02:13,86
16:02:16,85
16:02:19,85
16:02:20,84
16:02:22,85
16:02:25,85
16:02:26,86
16:02:28,87
16:02:31,87
16:02:32,88
16:02:35,88
16:02:36,86
16:02:38,85
16:02:39,83
16:02:42,83
16:02:43,84
16:02:45,83
16:02:47,80
16:02:50,80
16:02:53,80
16:02:55,82
16:02:58,82
16:02:59,84
16:03:02,84
16:03:03,83
16:03:06,83
16:03:09,83
16:03:10,84
16:03:12,86
16:03:14,87
16:03:17,87
16:03:18,86
16:03:21,86
16:03:24,85
16:03:27,86
16:03:29,87
16:03:31,88
16:03:33,87
16:03:35,85
16:03:37,86
16:03:40,86
16:03:43,85
16:03:45,82
16:03:48,82
16:03:49,84
16:03:51,85
16:03:54,86
16:03:57,86
16:04:00,85
16:04:02,84
16:04:04,85
16:04:06,86
16:04:08,88
16:04:11,88
16:04:12,85
16:04:14,84
16:04:15,85
16:04:17,86
16:04:20,86
16:04:21,87
16:04:24,87
16:04:25,89
16:04:27,90
16:04:30,90
16:04:31,88
16:04:34,88
16:04:35,89
16:04:37,92
16:04:39,94
16:04:40,91
16:04:42,93
16:04:44,93
16:04:46,90
16:04:48,92
16:04:50,90
16:04:52,89
16:04:54,90
16:04:57,90
16:05:00,91
16:05:02,92
16:05:03,91
16:05:05,90
16:05:08,90
16:05:09,89
16:05:11,86
16:05:14,86
16:05:17,86
16:05:19,82
16:05:21,78
16:05:23,79
16:05:26,79
16:05:27,78
16:05:28,77
16:05:31,77
16:05:34,77
16:05:36,78
16:05:39,78
16:05:40,81
16:05:42,82
16:05:44,83
16:05:46,82
16:05:48,80
16:05:50,81
16:05:51,83
16:05:53,84
16:05:55,82
16:05:57,80
16:05:59,79
16:06:02,79
16:06:03,81
16:06:05,83
16:06:07,82
16:06:09,81
16:06:12,81
16:06:13,82
16:06:16,82
16:06:18,83
16:06:20,84
16:06:22,86
16:06:25,86
16:06:26,88
16:06:28,89
16:06:30,87
16:06:33,87
16:06:34,85
16:06:36,84
16:06:38,83
16:06:39,80
16:06:42,80
16:06:45,81
16:06:47,83
16:06:50,83
16:06:53,85
16:06:55,87
16:06:58,87
16:06:59,88
16:07:01,87
16:07:03,91
16:07:04,94
16:07:07,94
16:07:10,94
16:07:12,88
16:07:14,83
16:07:16,80
16:07:18,81
16:07:20,78
16:07:22,76
16:07:24,72
16:07:26,72
16:07:27,73
16:07:29,74
16:07:31,73
16:07:33,72
16:07:35,70
16:07:38,70
16:07:39,70
16:07:41,69
16:07:44,69
16:07:45,70
16:07:47,71
16:07:49,72
16:07:51,74
16:07:52,76
16:07:55,76
16:07:56,80
16:07:58,83
16:08:00,81
16:08:02,79
16:08:05,79
16:08:08,78
16:08:10,79
16:08:12,80
16:08:15,83
16:08:18,83
16:08:19,82
16:08:21,81
16:08:23,80
16:08:25,81
16:08:27,80
16:08:29,80
16:08:31,78
16:08:33,77
16:08:35,76
16:08:37,79
16:08:40,80
16:08:42,79
16:08:44,78
16:08:46,76
16:08:48,78
16:08:50,79
16:08:52,79
16:08:54,78
16:08:56,76
16:08:58,79
16:09:00,81
16:09:02,78
16:09:04,76
16:09:06,76
16:09:07,77
16:09:10,77
16:09:11,77
16:09:13,78
16:09:15,80
16:09:17,82
16:09:19,80
16:09:21,77
16:09:23,76
16:09:25,75
16:09:27,74
16:09:29,73
16:09:32,72
16:09:35,72
16:09:38,71
16:09:40,70
16:09:43,70
16:09:46,69
16:09:48,68
16:09:50,67
16:09:52,68
16:09:54,70
16:09:55,72
16:09:57,75
16:09:59,78
16:10:01,77
16:10:04,77
16:10:05,75
16:10:07,74
16:10:09,73
16:10:12,73
16:10:13,72
16:10:16,72
16:10:19,73
16:10:20,75
16:10:22,78
16:10:24,79
16:10:27,79
16:10:28,80
16:10:30,79
16:10:32,78
16:10:34,78
16:10:37,78
16:10:38,77
16:10:40,78
16:10:42,78
16:10:45,78
16:10:47,80
16:10:50,80
16:10:53,79
16:10:55,80
16:10:58,80
16:11:01,80
16:11:04,80
16:11:05,79
16:11:07,80
16:11:08,80
16:11:11,80
16:11:14,80
16:11:17,80
16:11:18,82
16:11:20,84
16:11:22,85
16:11:24,83
16:11:26,82
16:11:28,81
16:11:31,81
16:11:33,82
16:11:36,82
16:11:39,81
16:11:42,81
16:11:43,80
16:11:46,80
16:11:47,80
16:11:49,78
16:11:51,77
16:11:53,76
16:11:55,77
16:11:56,78
16:11:59,78
16:12:00,77
16:12:02,76
16:12:04,77
16:12:07,77
16:12:08,76
16:12:10,75
16:12:13,75
16:12:14,74
16:12:16,73
16:12:18,73
16:12:21,73
16:12:24,73
16:12:25,72
16:12:28,72
16:12:29,71
16:12:32,71
16:12:33,70
16:12:36,70
16:12:39,71
16:12:41,70
16:12:44,71
16:12:47,71
16:12:50,71
16:12:53,71
16:12:54,70
16:12:57,70
16:12:58,70
16:13:00,71
16:13:02,72
16:13:04,74
16:13:06,76
16:13:09,76
16:13:11,76
16:13:13,75
16:13:15,74
16:13:17,75
16:13:19,75
16:13:21,76
16:13:24,76
16:13:25,77
16:13:27,78
16:13:29,81
16:13:31,82
16:13:32,81
16:13:34,80
16:13:36,79
16:13:38,80
16:13:41,80
16:13:42,79
16:13:44,77
16:13:46,76
16:13:48,75
16:13:50,74
16:13:53,74
16:13:54,72
16:13:55,72
16:13:58,72
16:13:59,73
16:14:01,75
16:14:03,76
16:14:06,76
16:14:07,77
16:14:09,75
16:14:11,76
16:14:13,77
16:14:15,76
16:14:17,77
16:14:19,79
16:14:20,78
16:14:22,78
16:14:24,78
16:14:27,78
16:14:28,79
16:14:30,80
16:14:33,80
16:14:34,80
16:14:37,80
16:14:38,80
16:14:41,80
16:14:42,79
16:14:45,79
16:14:48,79
16:14:51,80
16:14:53,79
16:14:56,79
16:14:57,81
16:14:59,84
16:15:02,84
16:15:03,83
16:15:05,81
16:15:07,80
16:15:08,81
16:15:10,82
16:15:13,82
16:15:14,84
16:15:17,84
16:15:20,84
16:15:23,84
16:15:24,84
16:15:26,86
16:15:28,87
16:15:30,86
16:15:31,86
16:15:33,87
16:15:36,87
16:15:37,89
16:15:40,89
16:15:41,88
16:15:44,88
16:15:47,88
16:15:50,88
16:15:51,89
16:15:53,90
16:15:56,88
16:15:58,87
16:16:00,86
16:16:02,84
16:16:04,84
16:16:07,84
16:16:10,84
16:16:13,84
16:16:14,85
16:16:16,84
16:16:18,81
16:16:19,78
16:16:21,79
16:16:23,78
16:16:25,79
16:16:27,82
16:16:30,82
16:16:31,80
16:16:34,80
16:16:37,82
16:16:39,85
16:16:42,85
16:16:43,83
16:16:44,82
16:16:46,78
16:16:48,77
16:16:50,76
16:16:52,75
16:16:55,75
16:16:56,76
16:16:58,74
16:17:00,75
16:17:03,75
16:17:04,74
16:17:06,76
16:17:07,77
16:17:09,78
16:17:11,80
16:17:13,79
16:17:15,82
16:17:17,89
16:17:19,88
16:17:21,83
16:17:23,79
16:17:25,75
16:17:27,73
16:17:30,73
16:17:31,74
16:17:32,76
16:17:34,75
16:17:37,75
16:17:40,76
16:17:42,79
16:17:45,79
16:17:46,78
16:17:49,78
16:17:52,78
16:17:55,79
16:17:57,82
16:18:00,82
16:18:01,81
16:18:03,82
16:18:05,80
16:18:07,85
16:18:09,87
16:18:11,88
16:18:14,88
16:18:15,87
16:18:18,87
16:18:19,88
16:18:20,87
16:18:23,87
16:18:26,89
16:18:28,91
16:18:30,93
16:18:33,93
16:18:34,94
16:18:36,96
16:18:39,96
16:18:42,96
16:18:43,97
16:18:45,96
16:18:47,96
16:18:49,95
16:18:51,92
16:18:53,88
16:18:55,86
16:18:57,88
16:18:59,89
16:19:01,88
16:19:04,88
16:19:05,94
16:19:07,96
16:19:08,90
16:19:10,88
16:19:12,85
16:19:15,85
16:19:16,84
16:19:18,83
16:19:21,83
16:19:22,82
16:19:25,82
16:19:26,83
16:19:29,83
16:19:30,80
16:19:31,81
16:19:33,82
16:19:35,81
16:19:37,83
16:19:39,84
16:19:42,84
16:19:43,85
16:19:45,85
16:19:47,83
16:19:49,85
16:19:52,85
16:19:53,86
16:19:55,87
16:19:56,86
16:19:59,86
16:20:00,87
16:20:02,88
16:20:05,88
16:20:06,90
16:20:08,91
16:20:11,91
16:20:12,95
16:20:14,98
16:20:16,96
16:20:18,93
16:20:19,93
16:20:21,103
16:20:23,105
16:20:25,96
16:20:27,93
16:20:29,96
16:20:31,92
16:20:33,93
16:20:35,95
16:20:37,91
16:20:39,91
16:20:41,93
16:20:43,94
16:20:44,93
16:20:46,92
16:20:48,91
16:20:51,91
16:20:54,93
16:20:56,92
16:20:58,90
16:21:00,89
16:21:02,88
16:21:04,85
16:21:06,86
16:21:07,86
16:21:10,86
16:21:13,85
16:21:15,86
16:21:17,89
16:21:19,90
16:21:21,88
16:21:24,88
16:21:25,87
16:21:28,87
16:21:29,88
16:21:31,86
16:21:32,87
16:21:35,87
16:21:36,89
16:21:38,90
16:21:40,88
16:21:42,86
16:21:44,83
16:21:46,81
16:21:49,81
16:21:50,80
16:21:52,81
16:21:55,81
16:21:57,83
16:21:59,84
16:22:02,84
16:22:03,79
16:22:05,77
16:22:08,77
16:22:09,75
16:22:12,75
16:22:13,76
16:22:15,78
16:22:17,79
16:22:19,80
16:22:20,77
16:22:22,78
16:22:24,79
16:22:26,78
16:22:28,79
16:22:30,82
16:22:33,82
16:22:34,83
16:22:36,81
16:22:39,81
16:22:42,82
16:22:43,83
16:22:46,83
16:22:49,86
16:22:52,86
16:22:55,86
16:22:57,84
16:22:59,83
16:23:02,83
16:23:03,84
16:23:05,85
16:23:07,82
16:23:08,80
16:23:10,78
16:23:12,79
16:23:14,78
16:23:17,78
16:23:18,77
16:23:20,77
16:23:22,79
16:23:24,81
16:23:26,82
16:23:29,82
16:23:30,81
16:23:33,82
16:23:35,81
16:23:37,78
16:23:39,79
16:23:41,80
16:23:44,80
16:23:47,79
16:23:50,79
16:23:53,78
16:23:55,77
16:23:58,79
16:24:01,79
16:24:02,80
16:24:05,80
16:24:08,81
16:24:10,84
16:24:12,81
16:24:14,80
16:24:16,81
16:24:18,80
16:24:19,79
16:24:21,79
16:24:23,77
16:24:26,77
16:24:27,78
16:24:29,79
16:24:32,79
16:24:33,80
16:24:35,81
16:24:37,83
16:24:39,85
16:24:41,83
16:24:44,83
16:24:46,82
16:24:48,83
16:24:50,81
16:24:52,79
16:24:54,78
16:24:56,76
16:24:59,76
16:25:00,77
16:25:03,77
16:25:04,78
16:25:06,79
16:25:07,80
16:25:10,80
16:25:11,81
16:25:13,85
16:25:15,85
16:25:17,84
16:25:19,85
16:25:21,86
16:25:23,85
16:25:25,88
16:25:27,84
16:25:30,84
16:25:32,85
16:25:34,86
16:25:37,86
16:25:38,87
16:25:40,86
16:25:42,87
16:25:44,86
16:25:46,87
16:25:49,87
16:25:52,87
16:25:55,86
16:25:57,85
16:25:59,83
16:26:01,82
16:26:04,82
16:26:07,81
16:26:10,81
16:26:13,80
16:26:15,79
16:26:17,80
16:26:19,81
16:26:22,81
16:26:25,81
16:26:28,82
16:26:30,83
16:26:32,85
16:26:34,86
16:26:37,86
16:26:40,85
16:26:43,86
16:26:46,86
16:26:49,86
16:26:52,86
16:26:55,86
16:26:57,87
16:26:59,86
16:27:01,87
16:27:04,87
16:27:07,87
16:27:10,86
16:27:13,86
16:27:16,87
16:27:18,86
16:27:20,84
16:27:22,81
16:27:24,82
16:27:26,82
16:27:28,87
16:27:30,89
16:27:31,85
16:27:34,85
16:27:35,84
16:27:37,85
16:27:40,85
16:27:43,85
16:27:46,85
16:27:47,84
16:27:49,85
16:27:51,88
16:27:53,89
16:27:56,90
16:27:58,91
16:28:00,92
16:28:03,92
16:28:04,90
16:28:06,89
16:28:08,88
16:28:11,88
16:28:12,89
16:28:14,90
16:28:16,92
16:28:18,91
16:28:19,93
16:28:21,93
16:28:23,94
16:28:26,94
16:28:29,93
16:28:31,92
16:28:33,91
16:28:36,91
16:28:37,92
16:28:39,95
16:28:41,94
16:28:43,95
16:28:44,94
16:28:47,94
16:28:48,95
16:28:50,94
16:28:53,94
16:28:54,93
16:28:57,93
16:28:58,94
16:29:00,92
16:29:03,92
16:29:04,90
16:29:06,91
16:29:07,92
16:29:10,92
16:29:11,93
16:29:13,92
16:29:15,92
16:29:17,91
16:29:20,91
16:29:23,87
16:29:25,86
16:29:27,89
16:29:29,87
16:29:31,82
16:29:32,83
16:29:35,83
16:29:38,85
16:29:41,85
16:29:42,86
16:29:44,90
16:29:46,88
16:29:48,87
16:29:50,88
16:29:53,88
16:29:54,87
16:29:55,86
16:29:58,86
16:30:01,87
16:30:04,87
16:30:07,87
16:30:09,86
16:30:11,88
16:30:13,87
16:30:15,87
16:30:18,87
16:30:21,87
16:30:22,88
16:30:25,88
16:30:26,87
16:30:29,87
16:30:30,86
16:30:33,86
16:30:34,87
16:30:36,86
16:30:39,86
16:30:42,87
16:30:43,86
16:30:45,89
16:30:47,87
16:30:49,85
16:30:51,83
16:30:53,82
16:30:55,83
16:30:57,82
16:30:59,83
16:31:01,82
16:31:03,81
16:31:06,81
16:31:07,82
16:31:08,83
16:31:10,84
16:31:13,84
16:31:16,83
16:31:18,82
16:31:21,82
16:31:22,84
16:31:24,85
16:31:26,86
16:31:28,87
16:31:31,88
16:31:34,88
16:31:37,87
16:31:40,87
16:31:41,86
16:31:43,87
16:31:45,86
16:31:47,87
16:31:50,87
16:31:51,86
16:31:53,87
16:31:56,87
16:31:58,88
16:32:00,87
16:32:03,87
16:32:06,88
16:32:09,88
16:32:12,89
16:32:14,91
16:32:17,91
16:32:18,90
16:32:19,91
16:32:21,90
16:32:23,89
16:32:26,89
16:32:27,88
16:32:29,87
16:32:31,88
16:32:34,88
16:32:37,88
16:32:39,89
16:32:41,90
16:32:43,89
16:32:46,87
16:32:49,87
16:32:50,90
16:32:53,90
16:32:54,89
16:32:56,90
16:32:58,89
16:33:01,89
16:33:02,90
16:33:04,91
16:33:07,91
16:33:09,90
16:33:11,90
16:33:14,90
16:33:15,88
16:33:17,87
16:33:19,88
16:33:22,88
16:33:25,89
16:33:27,88
16:33:30,88
16:33:31,89
16:33:32,90
16:33:35,90
16:33:36,91
16:33:39,91
16:33:40,90
16:33:43,90
16:33:44,89
16:33:47,89
16:33:50,88
16:33:53,88
16:33:56,88
16:33:57,89
16:34:00,89
16:34:03,90
16:34:06,90
16:34:07,89
16:34:09,88
16:34:11,88
16:34:14,88
16:34:15,86
16:34:18,86
16:34:21,86
16:34:22,87
16:34:24,88
16:34:27,88
16:34:30,88
16:34:33,88
16:34:36,88
16:34:38,89
16:34:41,89
16:34:44,89
16:34:47,90
16:34:50,90
16:34:51,89
16:34:53,88
16:34:55,89
16:34:58,89
16:35:01,88
16:35:03,86
16:35:06,86
16:35:07,90
16:35:08,91
16:35:10,93
16:35:12,88
16:35:14,85
16:35:16,84
16:35:18,86
16:35:20,89
16:35:22,95
16:35:24,92
16:35:26,89
16:35:28,90
16:35:31,90
16:35:33,91
16:35:35,90
16:35:38,90
16:35:39,92
16:35:42,92
16:35:43,93
16:35:46,93
16:35:47,94
16:35:49,93
16:35:52,93
16:35:53,96
16:35:55,99
16:35:56,98
16:35:58,93
16:36:00,92
16:36:02,91
16:36:05,91
16:36:06,92
16:36:08,93
16:36:11,93
16:36:12,94
16:36:15,94
16:36:18,97
16:36:21,97
16:36:23,99
16:36:26,99
16:36:27,98
16:36:29,96
16:36:32,96
16:36:33,94
16:36:35,93
16:36:37,92
16:36:39,91
16:36:41,89
16:36:44,91
16:36:46,90
16:36:48,91
16:36:50,90
16:36:53,90
16:36:56,90
16:36:58,87
16:37:00,86
16:37:02,85
16:37:04,84
16:37:06,86
16:37:07,87
16:37:09,86
16:37:11,84
16:37:13,83
16:37:16,83
16:37:17,84
16:37:20,84
16:37:23,86
16:37:25,89
16:37:27,90
16:37:29,88
16:37:32,88
16:37:35,88
16:37:38,86
16:37:40,87
16:37:42,86
16:37:44,87
16:37:47,87
16:37:48,86
16:37:51,86
16:37:52,87
16:37:55,88
16:37:57,89
16:38:00,89
16:38:01,91
16:38:04,91
16:38:07,91
16:38:09,91
16:38:11,92
16:38:14,92
16:38:17,95
16:38:20,95
16:38:23,95
16:38:24,94
16:38:26,93
16:38:29,93
16:38:30,92
16:38:33,92
16:38:36,92
16:38:38,91
16:38:41,91
16:38:43,90
16:38:45,88
16:38:47,89
16:38:49,92
16:38:51,90
16:38:53,93
16:38:55,90
16:38:58,90
16:39:01,90
16:39:03,89
16:39:05,90
16:39:08,90
16:39:11,90
16:39:12,89
16:39:14,91
16:39:16,92
16:39:18,91
16:39:20,92
16:39:23,92
16:39:26,92
16:39:28,93
16:39:30,93
16:39:31,95
16:39:33,93
16:39:36,93
16:39:37,92
16:39:40,92
16:39:41,95
16:39:43,94
16:39:45,95
16:39:47,93
16:39:49,92
16:39:51,92
16:39:53,93
16:39:55,91
16:39:57,92
16:39:59,93
16:40:02,93
16:40:03,92
16:40:06,92
16:40:07,93
16:40:09,94
16:40:11,95
16:40:14,94
16:40:16,95
16:40:18,94
16:40:20,95
16:40:22,97
16:40:24,97
16:40:26,97
16:40:28,96
16:40:30,94
16:40:32,95
16:40:34,97
16:40:36,96
16:40:39,95
16:40:42,95
16:40:43,96
16:40:45,98
16:40:47,98
16:40:49,100
16:40:51,101
16:40:53,100
16:40:55,101
16:40:57,102
16:40:59,100
16:41:02,99
16:41:04,97
16:41:07,97
16:41:08,99
16:41:10,97
16:41:12,101
16:41:14,98
16:41:16,99
16:41:18,100
16:41:20,99
16:41:22,98
16:41:25,100
16:41:27,99
16:41:30,99
16:41:31,98
16:41:33,95
16:41:36,95
16:41:37,94
16:41:39,95
16:41:42,95
16:41:43,96
16:41:45,97
16:41:47,100
16:41:48,97
16:41:50,96
16:41:52,98
16:41:55,98
16:41:58,98
16:42:00,97
16:42:02,96
16:42:04,95
16:42:06,92
16:42:08,88
16:42:10,87
16:42:12,86
16:42:13,85
16:42:15,86
16:42:17,88
16:42:19,91
16:42:22,91
16:42:23,89
16:42:26,89
16:42:27,88
16:42:29,89
16:42:31,90
16:42:34,90
16:42:35,91
16:42:36,92
16:42:38,91
16:42:40,92
16:42:42,93
16:42:44,91
16:42:46,90
16:42:48,91
16:42:50,92
16:42:52,92
16:42:54,91
16:42:57,91
16:42:58,93
16:43:00,94
16:43:01,95
16:43:03,98
16:43:06,98
16:43:07,99
16:43:09,98
16:43:11,96
16:43:14,96
16:43:15,95
16:43:17,94
16:43:19,93
16:43:22,93
16:43:23,91
16:43:24,88
16:43:27,88
16:43:28,86
16:43:31,86
16:43:32,87
16:43:35,87
16:43:38,88
16:43:40,89
16:43:42,88
16:43:45,88
16:43:46,88
16:43:48,87
16:43:51,88
16:43:54,88
16:43:55,89
16:43:57,93
16:44:00,93
16:44:01,92
16:44:04,92
16:44:07,94
16:44:09,93
16:44:11,90
16:44:12,87
16:44:15,87
16:44:18,87
16:44:21,87
16:44:24,87
16:44:26,89
16:44:28,90
16:44:31,90
16:44:34,88
16:44:36,87
16:44:37,85
16:44:40,85
16:44:43,86
16:44:46,86
16:44:47,87
16:44:49,86
16:44:51,85
16:44:53,87
16:44:55,89
16:44:57,90
16:45:00,90
16:45:03,90
16:45:06,90
16:45:08,89
16:45:11,89
16:45:14,90
16:45:17,90
16:45:20,91
16:45:23,91
16:45:25,92
16:45:28,92
16:45:29,91
16:45:31,92
16:45:34,92
16:45:37,92
16:45:39,91
16:45:41,90
16:45:44,90
16:45:45,88
16:45:47,91
16:45:48,94
16:45:51,94
16:45:52,92
16:45:55,92
16:45:56,93
16:45:58,90
16:46:00,88
16:46:02,86
16:46:04,84
16:46:06,83
16:46:09,83
16:46:12,82
16:46:15,82
16:46:17,84
16:46:19,83
16:46:21,82
16:46:23,81
16:46:26,81
16:46:27,82
16:46:29,84
16:46:31,85
16:46:33,84
16:46:35,80
16:46:38,78
16:46:41,78
16:46:44,78
16:46:46,79
16:46:48,81
16:46:50,82
16:46:52,84
16:46:54,86
16:46:56,88
16:46:58,87
16:47:00,86
16:47:01,87
16:47:04,87
16:47:05,85
16:47:07,88
16:47:09,90
16:47:11,91
16:47:13,90
16:47:15,89
16:47:17,90
16:47:19,92
16:47:21,94
16:47:23,96
16:47:24,98
16:47:26,99
16:47:29,99
16:47:32,97
16:47:34,96
16:47:36,93
16:47:38,89
16:47:40,87
16:47:43,87
16:47:46,86
16:47:48,83
16:47:49,85
16:47:52,85
16:47:55,85
16:47:57,89
16:47:59,92
16:48:01,94
16:48:04,94
16:48:05,95
16:48:08,95
16:48:09,96
16:48:11,95
16:48:14,96
16:48:16,100
16:48:18,99
16:48:20,97
16:48:23,97
16:48:24,98
16:48:26,97
16:48:28,98
16:48:30,102
16:48:32,93
16:48:34,92
16:48:36,91
16:48:37,89
16:48:40,89
16:48:41,88
16:48:43,85
16:48:45,83
16:48:47,84
16:48:49,86
16:48:51,87
16:48:53,90
16:48:55,91
16:48:57,89
16:48:59,91
16:49:02,91
16:49:04,92
16:49:06,90
16:49:08,89
16:49:10,88
16:49:12,87
16:49:14,84
16:49:16,83
16:49:18,82
16:49:20,81
16:49:22,82
16:49:24,84
16:49:25,85
16:49:28,85
16:49:29,84
16:49:31,82
16:49:33,81
16:49:35,82
16:49:37,83
16:49:39,84
16:49:42,84
16:49:45,83
16:49:47,84
16:49:48,81
16:49:50,80
16:49:52,81
16:49:54,82
16:49:57,82
16:49:58,83
16:50:00,82
16:50:03,82
16:50:04,84
16:50:06,83
16:50:09,83
16:50:10,84
16:50:13,85
16:50:16,85
16:50:19,86
16:50:22,86
16:50:23,87
16:50:25,89
16:50:27,90
16:50:29,89
16:50:31,92
16:50:33,92
16:50:36,93
16:50:38,94
16:50:40,93
16:50:42,92
16:50:44,93
16:50:46,97
16:50:48,98
16:50:50,94
16:50:53,94
16:50:54,94
16:50:56,98
16:50:58,103
16:51:01,102
16:51:03,99
16:51:05,100
16:51:07,99
16:51:09,97
16:51:11,101
16:51:13,100
16:51:15,109
16:51:17,127
16:51:19,122
16:51:21,98
16:51:23,97
16:51:24,101
16:51:26,95
16:51:28,97
16:51:30,100
16:51:32,99
16:51:35,99
16:51:36,100
16:51:38,98
16:51:40,96
16:51:42,95
16:51:44,96
16:51:46,95
16:51:48,93
16:51:49,92
16:51:51,93
16:51:53,94
16:51:55,96
16:51:57,93
16:51:59,92
16:52:01,93
16:52:03,96
16:52:05,100
16:52:07,98
16:52:09,91
16:52:11,90
16:52:12,91
16:52:15,91
16:52:18,91
16:52:21,91
16:52:24,89
16:52:27,89
16:52:28,87
16:52:30,83
16:52:32,83
16:52:34,83
16:52:36,82
16:52:39,83
16:52:42,83
16:52:43,84
16:52:46,84
16:52:49,85
16:52:52,85
16:52:55,85
16:52:57,86
16:52:59,87
16:53:00,88
16:53:03,88
16:53:04,87
16:53:07,87
16:53:08,86
16:53:10,87
16:53:13,87
16:53:14,88
16:53:16,92
16:53:18,92
16:53:20,93
16:53:22,92
16:53:24,91
16:53:25,90
16:53:27,89
16:53:30,89
16:53:33,90
16:53:35,89
16:53:37,93
16:53:39,91
16:53:42,91
16:53:43,90
16:53:45,93
16:53:47,90
16:53:50,89
16:53:53,89
16:53:56,91
16:53:58,90
16:54:00,91
16:54:02,92
16:54:04,90
16:54:07,90
16:54:10,90
16:54:13,89
16:54:15,87
16:54:17,88
16:54:19,89
16:54:21,90
16:54:23,91
16:54:25,90
16:54:27,88
16:54:30,88
16:54:31,89
16:54:34,89
16:54:35,88
16:54:36,89
16:54:38,90
16:54:40,91
16:54:42,90
16:54:45,90
16:54:48,88
16:54:50,89
16:54:52,90
16:54:54,91
16:54:57,91
16:54:58,90
16:55:01,91
16:55:04,91
16:55:07,91
16:55:09,92
16:55:12,92
16:55:13,93
16:55:15,90
16:55:17,88
16:55:19,87
16:55:21,89
16:55:23,91
16:55:26,91
16:55:28,92
16:55:31,92
16:55:32,93
16:55:35,93
16:55:38,94
16:55:41,94
16:55:42,92
16:55:44,91
16:55:46,94
16:55:48,95
16:55:49,98
16:55:51,99
16:55:53,98
16:55:55,95
16:55:57,92
16:55:59,89
16:56:01,87
16:56:04,87
16:56:07,89
16:56:09,92
16:56:11,94
16:56:12,93
16:56:14,91
16:56:16,87
16:56:18,84
16:56:21,84
16:56:24,82
16:56:26,81
16:56:28,80
16:56:31,80
16:56:32,81
16:56:34,82
16:56:37,82
16:56:39,83
16:56:42,83
16:56:43,85
16:56:45,87
16:56:48,87
16:56:49,86
16:56:52,86
16:56:53,84
16:56:56,84
16:56:59,82
16:57:00,82
16:57:02,85
16:57:04,87
16:57:06,88
16:57:08,88
16:57:11,88
16:57:14,88
16:57:17,88
16:57:18,89
16:57:20,90
16:57:22,88
16:57:24,87
16:57:25,85
16:57:27,84
16:57:30,84
16:57:33,83
16:57:36,83
16:57:39,83
16:57:41,84
16:57:44,84
16:57:45,86
16:57:48,85
16:57:50,84
16:57:52,85
16:57:54,82
16:57:56,81
16:57:58,80
16:58:00,78
16:58:02,77
16:58:04,78
16:58:06,79
16:58:08,81
16:58:10,82
16:58:12,83
16:58:13,85
16:58:16,85
16:58:17,84
16:58:19,86
16:58:21,87
16:58:24,87
16:58:25,89
16:58:27,92
16:58:30,92
16:58:31,93
16:58:34,93
16:58:37,93
16:58:40,93
16:58:42,92
16:58:45,92
16:58:46,91
16:58:48,92
16:58:51,92
16:58:52,91
16:58:54,90
16:58:57,90
16:58:58,87
16:59:00,84
16:59:03,83
16:59:05,82
16:59:07,83
16:59:09,84
16:59:12,84
16:59:13,85
16:59:16,85
16:59:17,86
16:59:19,87
16:59:21,88
16:59:23,86
16:59:24,84
16:59:26,83
16:59:29,83
16:59:30,84
16:59:32,82
16:59:34,83
16:59:36,84
16:59:39,84
16:59:40,83
16:59:42,82
16:59:45,82
16:59:46,83
16:59:48,84
16:59:51,84
16:59:53,86
16:59:55,87
16:59:58,87
16:59:59,87
17:00:01,86
17:00:04,86
17:00:07,85
17:00:09,84
17:00:11,83
17:00:12,85
17:00:15,85
17:00:18,86
17:00:21,86
17:00:24,87
17:00:26,86
17:00:28,84
17:00:30,85
17:00:32,86
17:00:34,84
17:00:37,84
17:00:39,85
17:00:41,86
17:00:44,86
17:00:45,88
17:00:47,92
17:00:49,93
17:00:51,90
17:00:53,88
17:00:55,87
17:00:57,86
17:00:59,87
17:01:00,85
17:01:02,84
17:01:05,84
17:01:06,82
17:01:09,82
17:01:12,80
17:01:14,79
17:01:16,78
17:01:18,77
17:01:20,76
17:01:22,78
17:01:24,79
17:01:27,79
17:01:30,79
17:01:31,80
17:01:33,82
17:01:35,84
17:01:37,85
17:01:39,84
17:01:41,86
17:01:44,86
17:01:47,83
17:01:48,81
17:01:50,80
17:01:53,80
17:01:54,81
17:01:56,81
17:01:58,80
17:02:01,80
17:02:02,80
17:02:05,80
17:02:08,82
17:02:11,82
17:02:12,84
17:02:13,86
17:02:15,89
17:02:17,92
17:02:19,94
17:02:21,90
17:02:23,88
17:02:25,88
17:02:28,88
17:02:31,86
17:02:33,85
17:02:35,86
17:02:36,86
17:02:38,85
17:02:41,85
17:02:44,86
17:02:47,86
17:02:50,86
17:02:52,87
17:02:55,87
17:02:56,86
17:02:59,86
17:03:02,86
17:03:03,84
17:03:06,84
17:03:09,84
17:03:11,82
17:03:13,82
17:03:16,82
17:03:17,82
17:03:19,81
17:03:21,80
17:03:23,80
17:03:24,80
17:03:27,80
17:03:28,79
17:03:30,78
17:03:33,78
17:03:36,80
17:03:38,83
17:03:40,84
17:03:42,85
17:03:44,87
17:03:46,89
17:03:49,88
17:03:52,88
17:03:53,90
17:03:55,90
17:03:58,90
17:03:59,89
17:04:01,88
17:04:04,88
17:04:05,87
17:04:07,88
17:04:10,88
17:04:13,88
17:04:16,88
17:04:19,88
17:04:22,87
17:04:24,88
17:04:27,88
17:04:30,88
17:04:32,89
17:04:35,89
17:04:36,90
17:04:39,88
17:04:41,89
17:04:43,88
17:04:46,88
17:04:47,92
17:04:49,91
17:04:51,94
17:04:53,93
17:04:56,93
17:04:57,91
17:05:00,91
17:05:02,92
17:05:04,93
17:05:07,93
17:05:10,95
17:05:12,97
17:05:14,98
17:05:16,99
17:05:18,98
17:05:20,96
17:05:23,96
17:05:24,93
17:05:25,92
17:05:27,93
17:05:29,95
17:05:31,94
17:05:34,94
17:05:35,93
17:05:38,93
17:05:41,94
17:05:43,97
17:05:46,97
17:05:47,94
17:05:50,95
17:05:52,96
17:05:54,97
17:05:56,98
17:05:59,98
17:06:02,104
17:06:04,106
17:06:06,105
17:06:08,104
17:06:10,103
17:06:13,104
17:06:15,105
17:06:18,105
17:06:19,102
17:06:21,97
17:06:23,96
17:06:26,96
17:06:29,92
17:06:31,94
17:06:33,96
17:06:35,95
17:06:38,89
17:06:40,87
17:06:42,86
17:06:45,86
17:06:46,88
17:06:48,89
17:06:51,89
17:06:52,90
17:06:54,91
17:06:56,91
17:06:59,91
17:07:01,90
17:07:03,89
17:07:05,88
17:07:08,88
17:07:09,89
17:07:12,89
17:07:13,86
17:07:15,84
17:07:18,84
17:07:21,83
17:07:23,84
17:07:26,85
17:07:28,87
17:07:30,88
17:07:32,90
17:07:34,89
17:07:36,88
17:07:39,88
17:07:40,89
17:07:42,90
17:07:45,90
17:07:46,96
17:07:48,100
17:07:49,101
17:07:51,99
17:07:53,97
17:07:55,95
17:07:57,94
17:08:00,94
17:08:01,93
17:08:04,93
17:08:05,95
17:08:07,94
17:08:09,92
17:08:11,91
17:08:14,90
17:08:16,91
17:08:19,91
17:08:22,93
17:08:24,95
17:08:26,96
17:08:28,97
17:08:31,97
17:08:32,96
17:08:35,96
17:08:36,95
17:08:37,94
17:08:39,93
17:08:42,93
17:08:45,95
17:08:47,96
17:08:49,95
17:08:51,96
17:08:53,98
17:08:55,99
17:08:58,99
17:09:01,99
17:09:04,98
17:09:06,97
17:09:08,98
17:09:10,97
17:09:12,96
17:09:15,96
17:09:16,97
17:09:19,97
17:09:20,100
17:09:22,101
17:09:25,102
17:09:27,103
17:09:29,102
17:09:32,102
17:09:35,103
17:09:37,104
17:09:39,103
17:09:41,104
17:09:43,105
17:09:45,106
17:09:47,104
17:09:48,102
17:09:50,102
17:09:52,103
17:09:55,103
17:09:56,102
17:09:58,101
17:10:00,102
17:10:03,102
17:10:06,103
17:10:08,102
17:10:10,103
17:10:12,101
17:10:13,103
17:10:16,103
17:10:17,101
17:10:19,100
17:10:21,98
17:10:23,99
17:10:25,101
17:10:28,101
17:10:29,100
17:10:31,99
17:10:34,99
17:10:35,100
17:10:38,100
17:10:41,100
17:10:42,99
17:10:45,99
17:10:46,99
17:10:48,100
17:10:50,98
17:10:53,98
17:10:54,97
17:10:56,93
17:10:58,90
17:11:00,92
17:11:03,92
17:11:04,91
17:11:06,94
17:11:07,92
17:11:09,90
17:11:11,93
17:11:13,94
17:11:15,93
17:11:17,96
17:11:20,96
17:11:23,98
17:11:25,100
17:11:27,99
17:11:29,97
17:11:30,94
17:11:32,92
17:11:34,91
17:11:37,91
17:11:40,92
17:11:42,91
17:11:45,91
17:11:48,90
17:11:51,90
17:11:52,93
17:11:54,97
17:11:55,99
17:11:57,98
17:11:59,99
17:12:01,98
17:12:03,99
17:12:06,99
17:12:07,97
17:12:09,96
17:12:11,91
17:12:13,90
17:12:16,90
17:12:17,91
17:12:18,93
17:12:20,94
17:12:22,93
17:12:24,94
17:12:27,94
17:12:28,93
17:12:31,93
17:12:32,94
17:12:34,93
17:12:36,91
17:12:38,90
17:12:40,88
17:12:42,90
17:12:43,92
17:12:45,93
17:12:48,93
17:12:49,97
17:12:52,97
17:12:53,96
17:12:56,96
17:12:57,97
17:13:00,97
17:13:01,96
17:13:04,96
17:13:05,94
17:13:06,95
17:13:08,96
17:13:11,96
17:13:14,96
17:13:16,97
17:13:19,97
17:13:20,98
17:13:22,99
17:13:24,100
17:13:26,99
17:13:28,97
17:13:30,95
17:13:31,93
17:13:33,94
17:13:35,95
17:13:37,94
17:13:39,96
17:13:42,96
17:13:45,93
17:13:47,92
17:13:49,93
17:13:52,93
17:13:53,94
17:13:56,94
17:13:58,97
17:14:00,98
17:14:03,98
17:14:04,97
17:14:06,98
17:14:08,96
17:14:10,94
17:14:12,96
17:14:15,96
17:14:16,94
17:14:18,92
17:14:19,91
17:14:21,92
17:14:23,91
17:14:25,86
17:14:27,84
17:14:29,83
17:14:31,82
17:14:33,80
17:14:35,79
17:14:37,78
17:14:39,76
17:14:42,78
17:14:44,77
17:14:46,76
17:14:48,75
17:14:50,76
17:14:53,76
17:14:54,78
17:14:56,79
17:14:58,80
17:15:00,82
17:15:03,82
17:15:04,85
17:15:06,88
17:15:07,89
17:15:10,89
17:15:13,89
17:15:16,89
17:15:19,90
17:15:21,91
17:15:23,91
17:15:25,92
17:15:27,93
17:15:29,95
17:15:30,96
17:15:32,97
17:15:35,97
17:15:36,98
17:15:38,99
17:15:41,99
17:15:44,98
17:15:46,97
17:15:49,97
17:15:52,97
17:15:54,96
17:15:55,99
17:15:57,100
17:15:59,102
17:16:01,103
17:16:03,104
17:16:06,104
17:16:07,103
17:16:10,103
17:16:11,102
17:16:13,103
17:16:16,103
17:16:17,102
17:16:18,102
17:16:21,102
17:16:22,103
17:16:24,102
17:16:27,102
17:16:28,111
17:16:30,110
17:16:32,105
17:16:35,105
17:16:36,104
17:16:38,100
17:16:40,98
17:16:42,99
17:16:43,98
17:16:45,96
17:16:47,98
17:16:49,98
17:16:51,99
17:16:53,100
17:16:55,101
17:16:57,102
17:17:00,102
17:17:03,103
17:17:06,103
17:17:08,101
17:17:10,102
17:17:12,101
17:17:14,103
17:17:17,103
17:17:18,104
17:17:21,104
17:17:24,103
17:17:26,102
17:17:28,105
17:17:30,104
17:17:31,103
17:17:33,102
17:17:35,103
17:17:38,103
17:17:39,102
17:17:42,102
17:17:43,103
17:17:45,102
17:17:47,101
17:17:50,101
17:17:51,103
17:17:53,99
17:17:54,96
17:17:57,96
17:18:00,98
17:18:02,97
17:18:04,94
17:18:06,92
17:18:08,93
17:18:10,92
17:18:12,94
17:18:14,90
17:18:17,90
17:18:18,92
17:18:19,93
17:18:22,93
17:18:25,93
17:18:28,93
17:18:29,92
17:18:32,92
17:18:33,94
17:18:35,93
17:18:37,94
17:18:39,95
17:18:41,97
17:18:42,99
17:18:45,99
17:18:46,98
17:18:48,97
17:18:50,96
17:18:53,96
17:18:54,97
17:18:56,98
17:18:59,98
17:19:02,98
17:19:04,99
17:19:06,101
17:19:07,100
17:19:10,100
17:19:13,100
17:19:16,100
17:19:19,100
17:19:22,100
17:19:25,100
17:19:27,102
17:19:30,103
17:19:32,102
17:19:34,103
17:19:37,103
17:19:40,104
17:19:42,103
17:19:45,103
17:19:46,102
17:19:49,102
17:19:52,102
17:19:54,100
17:19:55,101
17:19:57,102
17:19:59,103
17:20:01,102
17:20:04,102
17:20:07,103
17:20:09,102
17:20:11,101
17:20:14,101
17:20:17,102
17:20:20,102
17:20:22,103
17:20:24,102
17:20:26,101
17:20:28,99
17:20:30,96
17:20:32,97
17:20:34,96
17:20:37,96
17:20:38,97
17:20:40,98
17:20:42,101
17:20:43,103
17:20:45,102
17:20:47,110
17:20:49,111
17:20:51,110
17:20:53,109
17:20:56,109
17:20:57,107
17:20:59,111
17:21:02,111
17:21:03,109
17:21:05,105
17:21:06,103
17:21:08,105
17:21:10,107
17:21:12,102
17:21:14,106
17:21:16,109
17:21:18,111
17:21:20,110
17:21:22,108
17:21:24,105
17:21:26,104
17:21:28,101
17:21:31,101
17:21:34,101
17:21:35,102
17:21:37,103
17:21:39,104
17:21:41,105
17:21:44,105
17:21:45,104
17:21:48,104
17:21:49,105
17:21:51,104
17:21:53,103
17:21:56,103
17:21:58,102
17:22:01,102
17:22:02,100
17:22:04,98
17:22:06,96
17:22:08,95
17:22:10,94
17:22:12,96
17:22:14,97
17:22:16,96
17:22:19,96
17:22:21,97
17:22:24,97
17:22:27,97
17:22:30,97
17:22:31,98
17:22:33,97
17:22:35,97
17:22:37,99
17:22:40,99
17:22:43,99
17:22:46,99
17:22:48,98
17:22:50,97
17:22:52,99
17:22:54,100
17:22:56,99
17:22:58,98
17:23:00,100
17:23:02,99
17:23:05,99
17:23:06,100
17:23:09,100
17:23:11,98
17:23:13,97
17:23:16,97
17:23:19,96
17:23:21,97
17:23:23,96
17:23:26,96
17:23:27,97
17:23:30,97
17:23:33,97
17:23:36,95
17:23:38,97
17:23:41,97
17:23:42,96
17:23:44,97
17:23:47,97
17:23:50,97
17:23:52,96
17:23:54,97
17:23:55,96
17:23:57,94
17:23:59,93
17:24:01,94
17:24:04,94
17:24:07,95
17:24:10,95
17:24:13,95
17:24:15,94
17:24:18,95
17:24:20,96
17:24:22,95
17:24:24,97
17:24:27,97
17:24:28,96
17:24:30,97
17:24:33,97
17:24:34,96
17:24:36,99
17:24:38,101
17:24:40,100
17:24:43,100
17:24:45,99
17:24:47,100
17:24:50,100
17:24:51,101
17:24:54,101
17:24:55,100
17:24:57,99
17:24:59,100
17:25:02,100
17:25:03,101
17:25:05,100
17:25:06,99
17:25:09,99
17:25:10,101
17:25:12,100
17:25:14,99
17:25:16,100
17:25:19,100
17:25:22,100
17:25:24,101
17:25:26,102
17:25:29,102
17:25:31,100
17:25:33,99
17:25:35,97
17:25:37,96
17:25:39,95
17:25:41,93
17:25:44,93
17:25:47,94
17:25:50,94
17:25:51,95
17:25:53,94
17:25:56,95
17:25:59,95
17:26:00,97
17:26:02,96
17:26:04,94
17:26:07,94
17:26:08,95
17:26:10,97
17:26:12,98
17:26:14,99
17:26:16,102
17:26:19,101
17:26:21,95
17:26:23,91
17:26:25,92
17:26:27,93
17:26:29,97
17:26:31,100
17:26:33,102
17:26:36,102
17:26:39,101
17:26:41,96
17:26:42,91
17:26:45,91
17:26:48,88
17:26:50,86
17:26:52,85
17:26:55,85
17:26:56,86
17:26:58,88
17:27:00,90
17:27:02,92
17:27:04,93
17:27:06,91
17:27:07,88
17:27:10,88
17:27:11,89
17:27:14,89
17:27:17,89
17:27:20,89
17:27:23,88
17:27:25,86
17:27:27,83
17:27:29,82
17:27:32,83
17:27:34,84
17:27:36,81
17:27:39,81
17:27:40,84
17:27:42,89
17:27:45,89
17:27:46,85
17:27:48,88
17:27:50,86
17:27:52,85
17:27:54,84
17:27:57,84
17:28:00,84
17:28:01,85
17:28:03,84
17:28:05,82
17:28:07,80
17:28:09,81
17:28:11,82
17:28:13,83
17:28:15,84
17:28:17,85
17:28:18,87
17:28:20,88
17:28:22,87
17:28:25,87
17:28:26,85
17:28:28,88
17:28:30,90
17:28:33,90
17:28:36,90
17:28:39,90
17:28:40,89
17:28:43,88
17:28:46,88
17:28:49,88
17:28:51,89
17:28:53,87
17:28:55,86
17:28:57,88
17:28:59,87
17:29:01,85
17:29:03,84
17:29:05,85
17:29:06,84
17:29:09,84
17:29:12,82
17:29:15,82
17:29:16,83
17:29:18,84
17:29:21,84
17:29:24,85
17:29:26,88
17:29:29,88
17:29:30,88
17:29:31,87
17:29:33,85
17:29:35,88
17:29:37,91
17:29:39,90
17:29:41,89
17:29:43,88
17:29:46,88
17:29:47,89
17:29:49,88
17:29:51,87
17:29:54,87
17:29:56,88
17:29:59,88
17:30:02,87
17:30:05,87
17:30:08,87
17:30:10,86
17:30:13,86
17:30:14,85
17:30:16,86
17:30:18,89
17:30:21,90
17:30:23,91
17:30:25,95
17:30:27,97
17:30:29,99
17:30:31,98
17:30:33,97
17:30:35,98
17:30:38,98
17:30:39,97
17:30:41,98
17:30:42,100
17:30:44,103
17:30:46,100
17:30:48,96
17:30:50,98
17:30:52,100
17:30:54,97
17:30:56,95
17:30:59,95
17:31:00,97
17:31:02,96
17:31:04,97
17:31:06,95
17:31:07,93
17:31:10,93
17:31:11,92
17:31:13,91
17:31:16,91
17:31:17,90
17:31:19,88
17:31:21,88
17:31:23,89
17:31:26,89
17:31:27,90
17:31:30,88
17:31:32,85
17:31:34,84
17:31:37,84
17:31:40,83
17:31:43,83
17:31:44,84
17:31:47,84
17:31:48,86
17:31:50,85
17:31:52,84
17:31:54,85
17:31:55,87
17:31:57,90
17:31:59,92
17:32:01,91
17:32:03,90
17:32:05,88
17:32:07,89
17:32:09,88
17:32:11,86
17:32:13,84
17:32:15,82
17:32:17,81
17:32:18,80
17:32:21,80
17:32:22,78
17:32:24,78
17:32:27,78
17:32:28,81
17:32:30,82
17:32:32,81
17:32:35,81
17:32:36,84
17:32:38,84
17:32:41,84
17:32:43,83
17:32:45,84
17:32:47,83
17:32:49,82
17:32:51,84
17:32:53,86
17:32:56,86
17:32:59,87
17:33:01,88
17:33:04,88
17:33:05,90
17:33:06,92
17:33:08,93
17:33:10,96
17:33:12,98
17:33:14,99
17:33:17,99
17:33:18,98
17:33:20,101
17:33:22,102
17:33:24,101
17:33:26,100
17:33:28,98
17:33:30,94
17:33:31,90
17:33:33,92
17:33:36,92
17:33:37,90
17:33:40,90
17:33:43,90
17:33:45,91
17:33:47,92
17:33:49,93
17:33:51,90
17:33:54,92
17:33:56,91
17:33:58,92
17:34:01,92
17:34:02,93
17:34:05,93
17:34:08,94
17:34:10,95
17:34:13,95
17:34:14,94
17:34:16,95
17:34:18,94
17:34:21,94
17:34:24,94
17:34:27,95
17:34:29,93
17:34:31,92
17:34:34,92
17:34:35,93
17:34:37,92
17:34:39,91
17:34:42,92
17:34:44,91
17:34:47,91
17:34:48,93
17:34:50,92
17:34:52,90
17:34:54,89
17:34:56,89
17:34:58,90
17:35:00,94
17:35:03,94
17:35:04,93
17:35:06,92
17:35:09,92
17:35:12,92
17:35:15,93
17:35:17,95
17:35:20,95
17:35:21,94
17:35:24,94
17:35:25,96
17:35:27,98
17:35:29,97
17:35:32,98
17:35:34,97
17:35:36,94
17:35:38,92
17:35:40,91
17:35:42,92
17:35:44,91
17:35:47,91
17:35:50,90
17:35:52,91
17:35:55,91
17:35:57,91
17:35:59,92
17:36:02,92
17:36:03,93
17:36:06,93
17:36:07,94
17:36:09,92
17:36:11,91
17:36:14,91
17:36:15,92
17:36:18,92
17:36:20,91
17:36:22,90
17:36:25,90
17:36:26,91
17:36:29,91
17:36:30,93
17:36:32,92
17:36:35,92
17:36:36,93
17:36:39,93
17:36:40,94
17:36:42,93
17:36:43,92
17:36:46,92
17:36:47,93
17:36:49,98
17:36:51,96
17:36:53,93
17:36:55,92
17:36:58,92
17:36:59,95
17:37:01,94
17:37:04,94
17:37:07,94
17:37:08,97
17:37:10,98
17:37:13,98
17:37:14,97
17:37:17,97
17:37:18,99
17:37:20,100
17:37:22,103
17:37:24,106
17:37:27,106
17:37:28,108
17:37:31,108
17:37:33,110
17:37:35,111
17:37:37,113
17:37:40,113
17:37:41,109
17:37:44,109
17:37:45,108
17:37:47,108
17:37:49,107
17:37:51,106
17:37:53,108
17:37:54,107
17:37:56,106
17:37:58,105
17:38:01,105
17:38:02,107
17:38:04,106
17:38:07,106
17:38:08,107
17:38:11,107
17:38:14,108
17:38:17,108
17:38:18,107
17:38:21,106
17:38:24,106
17:38:27,107
17:38:29,108
17:38:32,108
17:38:33,106
17:38:36,106
17:38:39,107
17:38:42,108
17:38:44,107
17:38:47,107
17:38:48,107
17:38:51,107
17:38:54,107
17:38:57,107
17:38:58,108
17:39:00,107
17:39:02,105
17:39:05,105
17:39:06,106
17:39:07,108
17:39:09,109
17:39:11,110
17:39:13,111
17:39:16,111
17:39:17,110
17:39:19,109
17:39:21,108
17:39:23,107
17:39:25,106
17:39:27,105
17:39:29,104
17:39:32,102
17:39:34,99
17:39:36,95
17:39:38,92
17:39:41,92
17:39:44,91
17:39:46,90
17:39:49,90
17:39:50,91
17:39:52,92
17:39:54,91
17:39:55,89
17:39:57,87
17:39:59,89
17:40:01,90
17:40:03,93
17:40:06,93
17:40:07,92
17:40:10,92
17:40:11,91
17:40:14,91
17:40:15,90
17:40:17,89
17:40:18,88
17:40:21,88
17:40:22,87
17:40:25,87
17:40:26,86
17:40:29,86
17:40:30,85
17:40:33,85
17:40:34,83
17:40:37,83
17:40:38,85
17:40:40,86
17:40:42,87
17:40:43,90
17:40:46,90
17:40:47,91
17:40:49,95
17:40:51,93
17:40:53,89
17:40:55,87
17:40:57,85
17:40:59,83
17:41:02,83
17:41:03,81
17:41:05,80
17:41:08,80
17:41:11,80
17:41:12,81
17:41:14,83
17:41:16,84
17:41:18,85
17:41:20,86
17:41:22,87
17:41:25,87
17:41:28,89
17:41:30,91
17:41:31,89
17:41:33,88
17:41:35,89
17:41:37,88
17:41:40,88
17:41:43,88
17:41:46,88
17:41:49,86
17:41:52,86
17:41:53,87
17:41:54,86
17:41:57,85
17:42:00,86
17:42:03,86
17:42:04,84
17:42:07,84
17:42:10,86
17:42:12,86
17:42:15,86
17:42:16,85
17:42:18,84
17:42:20,84
17:42:23,83
17:42:25,82
17:42:28,82
17:42:29,83
17:42:31,84
17:42:34,84
17:42:35,85
17:42:37,86
17:42:40,86
17:42:43,87
17:42:45,88
17:42:48,89
17:42:51,89
17:42:52,88
17:42:55,88
17:42:58,89
17:43:01,89
17:43:04,90
17:43:07,90
17:43:10,90
17:43:11,89
17:43:13,90
17:43:16,90
17:43:17,93
17:43:19,94
17:43:21,92
17:43:23,90
17:43:25,91
17:43:28,91
17:43:29,92
17:43:31,94
17:43:34,94
17:43:36,96
17:43:38,95
17:43:40,91
17:43:42,90
17:43:44,91
17:43:46,94
17:43:49,94
17:43:52,98
17:43:54,101
17:43:56,97
17:43:57,94
17:44:00,94
17:44:01,90
17:44:03,88
17:44:05,85
17:44:07,84
17:44:09,83
17:44:11,82
17:44:13,81
17:44:15,82
17:44:17,82
17:44:20,82
17:44:21,82
17:44:22,84
17:44:24,86
17:44:27,86
17:44:30,88
17:44:33,88
17:44:34,87
17:44:36,89
17:44:38,90
17:44:40,92
17:44:43,92
17:44:44,90
17:44:47,88
17:44:49,89
17:44:52,89
17:44:55,88
17:44:57,87
17:44:59,86
17:45:02,86
17:45:03,87
17:45:05,88
17:45:08,88
17:45:09,86
17:45:12,85
17:45:14,86
17:45:16,87
17:45:18,88
17:45:20,89
17:45:22,90
17:45:24,91
17:45:26,92
17:45:29,92
17:45:32,93
17:45:33,95
17:45:35,97
17:45:37,98
17:45:40,98
17:45:41,99
17:45:44,99
17:45:45,100
17:45:47,104
17:45:49,103
17:45:51,107
17:45:53,111
17:45:56,111
17:45:57,109
17:45:58,110
17:46:00,109
17:46:02,108
17:46:04,109
17:46:06,108
17:46:08,109
17:46:10,112
17:46:12,114
17:46:14,115
17:46:16,116
17:46:18,118
17:46:21,118
17:46:24,118
17:46:25,115
17:46:27,113
17:46:29,111
17:46:31,110
17:46:33,111
17:46:36,111
17:46:37,108
17:46:40,108
17:46:41,107
17:46:44,107
17:46:45,106
17:46:46,105
17:46:48,106
17:46:51,106
17:46:52,105
17:46:54,104
17:46:57,104
17:47:00,104
17:47:02,102
17:47:04,100
17:47:06,99
17:47:08,98
17:47:11,96
17:47:13,96
17:47:15,95
17:47:17,96
17:47:20,96
17:47:23,95
17:47:25,97
17:47:27,100
17:47:29,102
17:47:32,102
17:47:33,101
17:47:34,98
17:47:36,95
17:47:39,95
17:47:42,92
17:47:44,90
17:47:46,89
17:47:48,90
17:47:51,90
17:47:52,91
17:47:54,92
17:47:57,95
17:47:59,97
17:48:01,100
17:48:04,100
17:48:07,97
17:48:09,94
17:48:11,92
17:48:13,90
17:48:15,87
17:48:17,85
17:48:19,83
17:48:22,82
17:48:24,82
17:48:26,84
17:48:28,85
17:48:31,85
17:48:32,83
17:48:35,83
17:48:36,84
17:48:39,84
17:48:40,82
17:48:43,82
17:48:46,82
17:48:47,83
17:48:49,82
17:48:52,82
17:48:53,81
17:48:55,80
17:48:57,79
17:49:00,79
17:49:01,78
17:49:04,78
17:49:05,79
17:49:07,81
17:49:09,82
17:49:10,83
17:49:12,84
17:49:14,82
17:49:16,79
17:49:18,79
17:49:20,80
17:49:22,81
17:49:24,79
17:49:26,78
17:49:28,80
17:49:30,82
17:49:33,79
17:49:35,80
17:49:37,81
17:49:40,81
17:49:41,78
17:49:44,78
17:49:47,78
17:49:50,78
17:49:51,80
17:49:53,82
17:49:56,82
17:49:59,82
17:50:02,81
17:50:04,82
17:50:07,82
17:50:08,83
17:50:10,80
17:50:12,78
17:50:15,78
17:50:18,78
17:50:20,80
17:50:23,82
17:50:25,84
17:50:27,86
17:50:29,89
17:50:31,88
17:50:33,84
17:50:35,82
17:50:37,79
17:50:39,78
17:50:42,78
17:50:43,78
17:50:45,77
17:50:46,76
17:50:49,76
17:50:50,77
17:50:52,78
17:50:54,79
17:50:56,80
17:50:59,80
17:51:00,81
17:51:02,80
17:51:04,82
17:51:06,87
17:51:08,91
17:51:09,93
17:51:11,90
17:51:13,89
17:51:15,91
17:51:17,92
17:51:19,90
17:51:21,88
17:51:23,86
17:51:26,86
17:51:27,89
17:51:29,88
17:51:32,88
17:51:33,87
17:51:34,86
17:51:36,85
17:51:39,85
17:51:40,83
17:51:42,82
17:51:45,82
17:51:48,81
17:51:51,81
17:51:52,82
17:51:55,82
17:51:57,81
17:51:59,82
17:52:01,83
17:52:03,84
17:52:06,84
17:52:09,84
17:52:11,84
17:52:14,84
17:52:15,85
17:52:18,85
17:52:19,86
17:52:22,85
17:52:24,90
17:52:26,91
17:52:28,95
17:52:30,101
17:52:32,102
17:52:35,102
17:52:36,105
17:52:38,107
17:52:40,106
17:52:42,105
17:52:44,101
17:52:45,95
17:52:47,94
17:52:49,96
17:52:51,95
17:52:54,95
17:52:55,96
17:52:57,97
17:52:59,98
17:53:02,98
17:53:05,99
17:53:07,101
17:53:09,100
17:53:10,102
17:53:12,106
17:53:14,100
17:53:16,102
17:53:18,102
17:53:20,97
17:53:22,98
17:53:24,103
17:53:26,104
17:53:28,107
17:53:30,110
17:53:32,103
17:53:33,104
17:53:35,106
17:53:37,111
17:53:39,117
17:53:41,118
17:53:43,119
17:53:45,118
17:53:48,118
17:53:49,111
17:53:51,111
17:53:53,107
17:53:55,114
17:53:57,120
17:53:58,118
17:54:00,115
17:54:03,115
17:54:04,111
17:54:06,110
17:54:09,110
17:54:10,109
17:54:12,108
17:54:14,106
17:54:16,106
17:54:18,105
17:54:20,100
17:54:21,99
17:54:24,99
17:54:25,102
17:54:27,106
17:54:29,105
17:54:31,102
17:54:33,99
17:54:35,97
17:54:37,95
17:54:39,93
17:54:42,93
17:54:43,94
17:54:45,93
17:54:46,92
17:54:48,91
17:54:50,90
17:54:52,89
17:54:54,88
17:54:56,86
17:54:58,85
17:55:00,83
17:55:02,82
17:55:05,82
17:55:06,80
17:55:08,79
17:55:09,78
17:55:11,77
17:55:14,77
17:55:17,76
17:55:19,78
17:55:21,79
17:55:23,82
17:55:25,83
17:55:27,86
17:55:29,88
17:55:31,93
17:55:33,97
17:55:36,95
17:55:38,94
17:55:41,94
17:55:42,95
17:55:44,96
17:55:46,96
17:55:49,96
17:55:50,93
17:55:52,91
17:55:54,92
17:55:56,93
17:55:57,90
17:55:59,88
17:56:02,88
17:56:03,87
17:56:05,86
17:56:08,86
17:56:11,86
17:56:13,85
17:56:15,82
17:56:18,82
17:56:21,82
17:56:22,80
17:56:24,79
17:56:26,80
17:56:29,80
17:56:30,82
17:56:32,84
17:56:35,84
17:56:36,85
17:56:38,86
17:56:40,87
17:56:42,88
17:56:44,86
17:56:47,86
17:56:49,87
17:56:51,88
17:56:53,89
17:56:55,90
17:56:57,92
17:56:59,94
17:57:01,97
17:57:03,98
17:57:05,99
17:57:07,101
17:57:09,103
17:57:12,105
17:57:14,106
17:57:16,104
17:57:18,102
17:57:21,102
17:57:24,102
17:57:26,104
17:57:28,105
17:57:31,105
17:57:32,104
17:57:35,104
17:57:37,107
17:57:39,109
17:57:41,109
17:57:43,110
17:57:45,111
17:57:47,110
17:57:49,109
17:57:51,108
17:57:53,107
17:57:55,105
17:57:57,102
17:57:58,100
17:58:00,98
17:58:02,97
17:58:04,96
17:58:06,92
17:58:08,90
17:58:10,89
17:58:12,91
17:58:14,92
17:58:17,92
17:58:20,91
17:58:21,90
17:58:23,91
17:58:26,91
17:58:27,92
17:58:29,93
17:58:31,91
17:58:33,93
17:58:35,96
17:58:37,99
17:58:40,99
17:58:41,93
17:58:43,89
17:58:45,87
17:58:46,86
17:58:49,86
17:58:52,87
17:58:54,88
17:58:56,89
17:58:58,95
17:59:00,94
17:59:02,95
17:59:04,98
17:59:07,98
17:59:09,100
17:59:12,100
17:59:13,101
17:59:15,100
17:59:17,99
17:59:19,101
17:59:21,104
17:59:23,106
17:59:25,110
17:59:27,112
17:59:29,111
17:59:31,108
17:59:33,106
17:59:34,105
17:59:37,105
17:59:38,102
17:59:40,100
17:59:42,99
17:59:44,100
17:59:47,100
17:59:50,95
17:59:53,95
17:59:54,94
17:59:56,95
17:59:57,96
18:00:00,96
18:00:03,96
18:00:05,94
18:00:07,93
18:00:10,93
18:00:11,90
18:00:13,89
18:00:16,89
18:00:17,87
18:00:20,87
18:00:22,88
18:00:24,89
18:00:26,91
18:00:28,94
18:00:31,94
18:00:32,97
18:00:34,99
18:00:36,101
18:00:38,100
18:00:41,100
18:00:42,98
18:00:44,97
18:00:45,96
18:00:48,96
18:00:49,99
18:00:52,99
18:00:55,101
18:00:57,102
18:00:59,104
18:01:01,105
18:01:04,105
18:01:07,100
18:01:09,95
18:01:10,97
18:01:12,98
18:01:15,98
18:01:16,95
18:01:19,95
18:01:22,88
18:01:24,85
18:01:26,83
18:01:29,83
18:01:30,82
18:01:32,85
18:01:33,87
18:01:36,87
18:01:37,84
18:01:39,83
18:01:42,83
18:01:43,85
18:01:45,86
18:01:47,90
18:01:50,90
18:01:51,94
18:01:53,93
18:01:55,90
18:01:57,87
18:02:00,87
18:02:02,88
18:02:04,92
18:02:06,93
